region,date,type,median,lower_90,upper_90,lower_50,upper_50,prob_control
AGUASCALIENTES,2020-03-28,nowcast,1.8,0.9,2.9,1.3,2.1,0.05
AGUASCALIENTES,2020-03-29,nowcast,1.6,0.7,2.5,1.2,1.9,0.1
AGUASCALIENTES,2020-03-30,nowcast,1.5,0.7,2.3,1.1,1.7,0.14
AGUASCALIENTES,2020-03-31,nowcast,1.4,0.7,2.1,1,1.6,0.18
AGUASCALIENTES,2020-04-01,nowcast,1.4,0.8,2.1,1.1,1.6,0.14
AGUASCALIENTES,2020-04-02,nowcast,1.5,0.9,2.2,1.2,1.7,0.1
AGUASCALIENTES,2020-04-03,nowcast,1.5,0.8,2.2,1.2,1.7,0.08
AGUASCALIENTES,2020-04-04,nowcast,1.6,0.9,2.3,1.3,1.8,0.03
AGUASCALIENTES,2020-04-05,nowcast,1.7,1.1,2.4,1.4,1.9,0.02
AGUASCALIENTES,2020-04-06,nowcast,1.7,1.1,2.4,1.4,1.9,0.01
AGUASCALIENTES,2020-04-07,nowcast,1.8,1.2,2.4,1.5,2,0.01
AGUASCALIENTES,2020-04-08,nowcast,1.8,1.2,2.4,1.5,2,0.01
AGUASCALIENTES,2020-04-09,nowcast,1.7,1.2,2.3,1.5,1.9,0.01
AGUASCALIENTES,2020-04-10,nowcast,1.7,1.2,2.2,1.4,1.8,0.01
AGUASCALIENTES,2020-04-11,nowcast,1.7,1.2,2.2,1.4,1.8,0.01
AGUASCALIENTES,2020-04-12,nowcast,1.6,1.2,2.1,1.4,1.7,0.01
AGUASCALIENTES,2020-04-13,nowcast,1.6,1.2,2,1.4,1.7,0.01
AGUASCALIENTES,2020-04-14,nowcast,1.6,1.2,2,1.4,1.7,0.01
AGUASCALIENTES,2020-04-15,nowcast,1.5,1.2,1.9,1.4,1.7,0.01
AGUASCALIENTES,2020-04-16,nowcast,1.5,1.2,1.9,1.4,1.6,0.01
AGUASCALIENTES,2020-04-17,nowcast,1.4,1.1,1.8,1.3,1.6,0.01
AGUASCALIENTES,2020-04-18,nowcast,1.4,1,1.7,1.2,1.5,0.03
AGUASCALIENTES,2020-04-19,nowcast,1.3,1,1.6,1.2,1.4,0.06
AGUASCALIENTES,2020-04-20,nowcast,1.2,0.9,1.5,1.1,1.3,0.1
AGUASCALIENTES,2020-04-21,nowcast,1.2,0.9,1.5,1.1,1.3,0.09
AGUASCALIENTES,2020-04-22,nowcast,1.2,0.9,1.4,1.1,1.3,0.08
AGUASCALIENTES,2020-04-23,nowcast,1.2,1,1.4,1.1,1.3,0.08
AGUASCALIENTES,2020-04-24,nowcast,1.2,0.9,1.4,1.1,1.3,0.1
AGUASCALIENTES,2020-04-25,nowcast,1.1,0.9,1.3,1,1.2,0.17
AGUASCALIENTES,2020-04-26,nowcast,1.1,0.9,1.3,1,1.2,0.25
AGUASCALIENTES,2020-04-27,nowcast,1,0.8,1.2,1,1.1,0.39
AGUASCALIENTES,2020-04-28,nowcast,1,0.8,1.2,0.9,1.1,0.49
AGUASCALIENTES,2020-04-29,nowcast,1,0.8,1.2,0.9,1.1,0.47
AGUASCALIENTES,2020-04-30,nowcast,1,0.8,1.2,0.9,1.1,0.38
AGUASCALIENTES,2020-05-01,nowcast,1.1,0.9,1.3,1,1.1,0.24
AGUASCALIENTES,2020-05-02,nowcast,1.2,0.9,1.5,1.1,1.3,0.09
AGUASCALIENTES,2020-05-03,nowcast,1.2,1,1.5,1.1,1.3,0.04
AGUASCALIENTES,2020-05-04,nowcast,1.3,1,1.6,1.2,1.4,0.01
AGUASCALIENTES,2020-05-05,nowcast,1.3,1,1.5,1.2,1.4,0.01
AGUASCALIENTES,2020-05-06,nowcast,1.3,1,1.5,1.2,1.4,0.02
AGUASCALIENTES,2020-05-07,nowcast,1.2,1,1.4,1.1,1.3,0.05
AGUASCALIENTES,2020-05-08,nowcast,1.2,0.9,1.4,1.1,1.3,0.08
AGUASCALIENTES,2020-05-09,nowcast,1.2,0.9,1.4,1.1,1.3,0.1
AGUASCALIENTES,2020-05-10,nowcast,1.2,0.9,1.4,1.1,1.2,0.1
AGUASCALIENTES,2020-05-11,nowcast,1.1,0.9,1.4,1.1,1.2,0.11
AGUASCALIENTES,2020-05-12,nowcast,1.1,0.9,1.4,1.1,1.2,0.11
AGUASCALIENTES,2020-05-13,nowcast,1.1,0.9,1.4,1,1.2,0.13
AGUASCALIENTES,2020-05-14,nowcast,1.1,0.9,1.4,1,1.2,0.16
AGUASCALIENTES,2020-05-15,nowcast,1.1,0.8,1.3,1,1.2,0.25
AGUASCALIENTES,2020-05-16,nowcast,1.1,0.8,1.3,1,1.2,0.34
AGUASCALIENTES,2020-05-17,nowcast,1.1,0.8,1.3,1,1.2,0.36
AGUASCALIENTES,2020-05-18,nowcast,1.1,0.8,1.5,1,1.2,0.26
AGUASCALIENTES,2020-05-19,forecast,1.1,0.7,1.5,0.9,1.2,0.31
AGUASCALIENTES,2020-05-20,forecast,1.1,0.7,1.6,0.9,1.2,0.34
AGUASCALIENTES,2020-05-21,forecast,1.1,0.6,1.6,0.9,1.2,0.37
AGUASCALIENTES,2020-05-22,forecast,1.1,0.6,1.6,0.9,1.3,0.37
AGUASCALIENTES,2020-05-23,forecast,1.1,0.5,1.6,0.9,1.3,0.39
AGUASCALIENTES,2020-05-24,forecast,1.1,0.5,1.7,0.8,1.3,0.42
AGUASCALIENTES,2020-05-25,forecast,1.1,0.5,1.8,0.8,1.3,0.42
AGUASCALIENTES,2020-05-26,forecast,1.1,0.4,1.8,0.8,1.3,0.42
AGUASCALIENTES,2020-05-27,forecast,1.1,0.4,1.8,0.7,1.2,0.42
AGUASCALIENTES,2020-05-28,forecast,1.1,0.3,1.8,0.8,1.3,0.44
AGUASCALIENTES,2020-05-29,forecast,1.1,0.3,1.8,0.8,1.3,0.45
AGUASCALIENTES,2020-05-30,forecast,1.1,0.3,1.8,0.7,1.3,0.45
AGUASCALIENTES,2020-05-31,forecast,1,0.2,1.9,0.7,1.3,0.46
AGUASCALIENTES,2020-06-01,forecast,1.1,0.3,1.9,0.7,1.3,0.46
BAJA CALIFORNIA,2020-03-29,nowcast,1.9,1.5,2.3,1.7,2,0
BAJA CALIFORNIA,2020-03-30,nowcast,1.8,1.4,2.2,1.6,1.9,0
BAJA CALIFORNIA,2020-03-31,nowcast,1.7,1.3,2,1.5,1.8,0
BAJA CALIFORNIA,2020-04-01,nowcast,1.6,1.3,1.9,1.4,1.7,0
BAJA CALIFORNIA,2020-04-02,nowcast,1.5,1.2,1.8,1.3,1.6,0
BAJA CALIFORNIA,2020-04-03,nowcast,1.4,1.2,1.6,1.3,1.5,0
BAJA CALIFORNIA,2020-04-04,nowcast,1.3,1.1,1.6,1.2,1.4,0
BAJA CALIFORNIA,2020-04-05,nowcast,1.3,1.2,1.6,1.2,1.4,0
BAJA CALIFORNIA,2020-04-06,nowcast,1.3,1.2,1.5,1.3,1.4,0
BAJA CALIFORNIA,2020-04-07,nowcast,1.3,1.2,1.5,1.3,1.4,0
BAJA CALIFORNIA,2020-04-08,nowcast,1.3,1.2,1.5,1.2,1.4,0
BAJA CALIFORNIA,2020-04-09,nowcast,1.3,1.2,1.5,1.2,1.4,0
BAJA CALIFORNIA,2020-04-10,nowcast,1.3,1.2,1.5,1.2,1.3,0
BAJA CALIFORNIA,2020-04-11,nowcast,1.3,1.1,1.4,1.2,1.3,0
BAJA CALIFORNIA,2020-04-12,nowcast,1.3,1.1,1.4,1.2,1.3,0
BAJA CALIFORNIA,2020-04-13,nowcast,1.2,1.1,1.4,1.2,1.3,0
BAJA CALIFORNIA,2020-04-14,nowcast,1.2,1.1,1.3,1.1,1.3,0.01
BAJA CALIFORNIA,2020-04-15,nowcast,1.2,1,1.3,1.1,1.2,0.03
BAJA CALIFORNIA,2020-04-16,nowcast,1.1,1,1.2,1,1.1,0.14
BAJA CALIFORNIA,2020-04-17,nowcast,1,0.9,1.2,1,1.1,0.34
BAJA CALIFORNIA,2020-04-18,nowcast,1,0.9,1.1,1,1.1,0.42
BAJA CALIFORNIA,2020-04-19,nowcast,1,0.9,1.1,1,1.1,0.43
BAJA CALIFORNIA,2020-04-20,nowcast,1,0.9,1.1,1,1.1,0.34
BAJA CALIFORNIA,2020-04-21,nowcast,1,0.9,1.1,1,1.1,0.25
BAJA CALIFORNIA,2020-04-22,nowcast,1.1,1,1.2,1,1.1,0.12
BAJA CALIFORNIA,2020-04-23,nowcast,1.1,1,1.2,1,1.1,0.04
BAJA CALIFORNIA,2020-04-24,nowcast,1.1,1,1.2,1.1,1.2,0.02
BAJA CALIFORNIA,2020-04-25,nowcast,1.1,1,1.3,1.1,1.2,0.01
BAJA CALIFORNIA,2020-04-26,nowcast,1.2,1.1,1.3,1.1,1.2,0
BAJA CALIFORNIA,2020-04-27,nowcast,1.2,1.1,1.3,1.2,1.2,0
BAJA CALIFORNIA,2020-04-28,nowcast,1.2,1.1,1.3,1.2,1.2,0
BAJA CALIFORNIA,2020-04-29,nowcast,1.2,1.1,1.3,1.2,1.2,0
BAJA CALIFORNIA,2020-04-30,nowcast,1.2,1,1.3,1.1,1.2,0.02
BAJA CALIFORNIA,2020-05-01,nowcast,1.1,1,1.2,1.1,1.2,0.07
BAJA CALIFORNIA,2020-05-02,nowcast,1.1,1,1.2,1.1,1.1,0.08
BAJA CALIFORNIA,2020-05-03,nowcast,1.1,1,1.2,1.1,1.1,0.05
BAJA CALIFORNIA,2020-05-04,nowcast,1.1,1,1.2,1.1,1.1,0.02
BAJA CALIFORNIA,2020-05-05,nowcast,1.1,1,1.2,1.1,1.1,0.01
BAJA CALIFORNIA,2020-05-06,nowcast,1.1,1,1.2,1.1,1.2,0
BAJA CALIFORNIA,2020-05-07,nowcast,1.1,1.1,1.2,1.1,1.2,0
BAJA CALIFORNIA,2020-05-08,nowcast,1.1,1,1.2,1.1,1.2,0
BAJA CALIFORNIA,2020-05-09,nowcast,1.1,1,1.2,1.1,1.1,0.02
BAJA CALIFORNIA,2020-05-10,nowcast,1.1,1,1.2,1.1,1.1,0.05
BAJA CALIFORNIA,2020-05-11,nowcast,1.1,1,1.2,1.1,1.1,0.09
BAJA CALIFORNIA,2020-05-12,nowcast,1.1,1,1.2,1,1.1,0.09
BAJA CALIFORNIA,2020-05-13,nowcast,1.1,1,1.2,1,1.1,0.07
BAJA CALIFORNIA,2020-05-14,nowcast,1.1,1,1.2,1,1.1,0.05
BAJA CALIFORNIA,2020-05-15,nowcast,1.1,1,1.2,1,1.1,0.07
BAJA CALIFORNIA,2020-05-16,nowcast,1.1,1,1.2,1,1.1,0.1
BAJA CALIFORNIA,2020-05-17,nowcast,1.1,0.9,1.2,1,1.1,0.17
BAJA CALIFORNIA,2020-05-18,nowcast,1.1,0.9,1.2,1,1.1,0.25
BAJA CALIFORNIA,2020-05-19,forecast,1.1,0.9,1.2,1,1.1,0.29
BAJA CALIFORNIA,2020-05-20,forecast,1,0.9,1.2,1,1.1,0.34
BAJA CALIFORNIA,2020-05-21,forecast,1,0.8,1.2,1,1.1,0.36
BAJA CALIFORNIA,2020-05-22,forecast,1,0.8,1.3,1,1.1,0.4
BAJA CALIFORNIA,2020-05-23,forecast,1,0.8,1.3,0.9,1.1,0.43
BAJA CALIFORNIA,2020-05-24,forecast,1,0.8,1.3,0.9,1.1,0.43
BAJA CALIFORNIA,2020-05-25,forecast,1,0.7,1.3,0.9,1.1,0.44
BAJA CALIFORNIA,2020-05-26,forecast,1,0.7,1.3,0.9,1.1,0.47
BAJA CALIFORNIA,2020-05-27,forecast,1,0.7,1.3,0.9,1.2,0.47
BAJA CALIFORNIA,2020-05-28,forecast,1,0.7,1.4,0.9,1.1,0.49
BAJA CALIFORNIA,2020-05-29,forecast,1,0.6,1.3,0.9,1.1,0.51
BAJA CALIFORNIA,2020-05-30,forecast,1,0.6,1.3,0.9,1.1,0.52
BAJA CALIFORNIA,2020-05-31,forecast,1,0.6,1.4,0.8,1.1,0.51
BAJA CALIFORNIA,2020-06-01,forecast,1,0.6,1.4,0.9,1.2,0.51
BAJA CALIFORNIA SUR,2020-03-30,nowcast,1.8,1.3,2.3,1.5,1.9,0
BAJA CALIFORNIA SUR,2020-03-31,nowcast,1.6,1.2,2.1,1.4,1.8,0.01
BAJA CALIFORNIA SUR,2020-04-01,nowcast,1.5,1.1,1.9,1.3,1.6,0.02
BAJA CALIFORNIA SUR,2020-04-02,nowcast,1.4,1,1.7,1.2,1.5,0.05
BAJA CALIFORNIA SUR,2020-04-03,nowcast,1.3,1,1.7,1.2,1.5,0.06
BAJA CALIFORNIA SUR,2020-04-04,nowcast,1.3,0.9,1.6,1.1,1.4,0.07
BAJA CALIFORNIA SUR,2020-04-05,nowcast,1.2,0.9,1.5,1.1,1.3,0.12
BAJA CALIFORNIA SUR,2020-04-06,nowcast,1.1,0.9,1.4,1,1.2,0.22
BAJA CALIFORNIA SUR,2020-04-07,nowcast,1,0.8,1.3,0.9,1.2,0.39
BAJA CALIFORNIA SUR,2020-04-08,nowcast,1,0.7,1.2,0.9,1.1,0.59
BAJA CALIFORNIA SUR,2020-04-09,nowcast,0.9,0.7,1.2,0.8,1,0.72
BAJA CALIFORNIA SUR,2020-04-10,nowcast,0.9,0.7,1.1,0.8,1,0.76
BAJA CALIFORNIA SUR,2020-04-11,nowcast,0.9,0.7,1.1,0.8,1,0.72
BAJA CALIFORNIA SUR,2020-04-12,nowcast,0.9,0.7,1.2,0.9,1,0.65
BAJA CALIFORNIA SUR,2020-04-13,nowcast,1,0.7,1.2,0.9,1,0.57
BAJA CALIFORNIA SUR,2020-04-14,nowcast,1,0.8,1.3,0.9,1.1,0.53
BAJA CALIFORNIA SUR,2020-04-15,nowcast,1,0.8,1.2,0.9,1.1,0.56
BAJA CALIFORNIA SUR,2020-04-16,nowcast,1,0.7,1.2,0.9,1.1,0.59
BAJA CALIFORNIA SUR,2020-04-17,nowcast,0.9,0.7,1.2,0.8,1,0.68
BAJA CALIFORNIA SUR,2020-04-18,nowcast,0.9,0.7,1.1,0.8,1,0.73
BAJA CALIFORNIA SUR,2020-04-19,nowcast,0.9,0.7,1.1,0.8,1,0.74
BAJA CALIFORNIA SUR,2020-04-20,nowcast,0.9,0.7,1.1,0.8,1,0.75
BAJA CALIFORNIA SUR,2020-04-21,nowcast,0.9,0.7,1.1,0.8,1,0.75
BAJA CALIFORNIA SUR,2020-04-22,nowcast,0.9,0.7,1.2,0.8,1,0.73
BAJA CALIFORNIA SUR,2020-04-23,nowcast,0.9,0.7,1.2,0.8,1,0.69
BAJA CALIFORNIA SUR,2020-04-24,nowcast,1,0.7,1.2,0.9,1,0.62
BAJA CALIFORNIA SUR,2020-04-25,nowcast,1,0.7,1.2,0.8,1,0.59
BAJA CALIFORNIA SUR,2020-04-26,nowcast,1,0.7,1.2,0.9,1,0.59
BAJA CALIFORNIA SUR,2020-04-27,nowcast,1,0.7,1.2,0.8,1,0.63
BAJA CALIFORNIA SUR,2020-04-28,nowcast,0.9,0.7,1.2,0.8,1,0.64
BAJA CALIFORNIA SUR,2020-04-29,nowcast,1,0.7,1.2,0.9,1.1,0.57
BAJA CALIFORNIA SUR,2020-04-30,nowcast,1,0.8,1.3,0.9,1.1,0.49
BAJA CALIFORNIA SUR,2020-05-01,nowcast,1,0.7,1.3,0.9,1.1,0.44
BAJA CALIFORNIA SUR,2020-05-02,nowcast,1,0.8,1.3,0.9,1.1,0.4
BAJA CALIFORNIA SUR,2020-05-03,nowcast,1.1,0.8,1.3,0.9,1.2,0.36
BAJA CALIFORNIA SUR,2020-05-04,nowcast,1.1,0.8,1.4,1,1.2,0.25
BAJA CALIFORNIA SUR,2020-05-05,nowcast,1.1,0.9,1.4,1,1.2,0.18
BAJA CALIFORNIA SUR,2020-05-06,nowcast,1.2,0.9,1.5,1,1.3,0.17
BAJA CALIFORNIA SUR,2020-05-07,nowcast,1.2,0.9,1.4,1,1.3,0.16
BAJA CALIFORNIA SUR,2020-05-08,nowcast,1.2,0.9,1.4,1,1.3,0.17
BAJA CALIFORNIA SUR,2020-05-09,nowcast,1.1,0.9,1.4,1,1.3,0.18
BAJA CALIFORNIA SUR,2020-05-10,nowcast,1.1,0.8,1.4,1,1.2,0.24
BAJA CALIFORNIA SUR,2020-05-11,nowcast,1.1,0.8,1.4,1,1.2,0.29
BAJA CALIFORNIA SUR,2020-05-12,nowcast,1.1,0.8,1.4,0.9,1.2,0.33
BAJA CALIFORNIA SUR,2020-05-13,nowcast,1.1,0.8,1.4,0.9,1.2,0.34
BAJA CALIFORNIA SUR,2020-05-14,nowcast,1.1,0.8,1.5,1,1.2,0.3
BAJA CALIFORNIA SUR,2020-05-15,nowcast,1.1,0.7,1.5,0.9,1.2,0.29
BAJA CALIFORNIA SUR,2020-05-16,nowcast,1.1,0.7,1.5,0.9,1.2,0.32
BAJA CALIFORNIA SUR,2020-05-17,nowcast,1.1,0.7,1.5,0.9,1.2,0.38
BAJA CALIFORNIA SUR,2020-05-18,nowcast,1.1,0.5,1.5,0.9,1.2,0.4
CAMPECHE,2020-04-02,nowcast,1.9,0.9,3,1.4,2.2,0.04
CAMPECHE,2020-04-03,nowcast,1.7,0.8,2.7,1.3,2,0.07
CAMPECHE,2020-04-04,nowcast,1.6,0.8,2.5,1.1,1.8,0.1
CAMPECHE,2020-04-05,nowcast,1.7,0.9,2.5,1.3,1.9,0.06
CAMPECHE,2020-04-06,nowcast,1.6,0.9,2.4,1.3,1.8,0.05
CAMPECHE,2020-04-07,nowcast,1.6,0.9,2.2,1.2,1.7,0.06
CAMPECHE,2020-04-08,nowcast,1.5,0.9,2.1,1.2,1.7,0.08
CAMPECHE,2020-04-09,nowcast,1.5,0.9,2.2,1.3,1.7,0.06
CAMPECHE,2020-04-10,nowcast,1.5,0.9,2.1,1.2,1.7,0.05
CAMPECHE,2020-04-11,nowcast,1.5,0.9,2,1.2,1.6,0.06
CAMPECHE,2020-04-12,nowcast,1.5,0.9,2,1.3,1.7,0.05
CAMPECHE,2020-04-13,nowcast,1.5,1,2,1.2,1.6,0.04
CAMPECHE,2020-04-14,nowcast,1.4,0.9,1.9,1.2,1.6,0.06
CAMPECHE,2020-04-15,nowcast,1.4,1,1.9,1.3,1.6,0.04
CAMPECHE,2020-04-16,nowcast,1.4,1,1.9,1.2,1.6,0.05
CAMPECHE,2020-04-17,nowcast,1.4,1,1.8,1.2,1.6,0.05
CAMPECHE,2020-04-18,nowcast,1.4,1,1.8,1.2,1.6,0.04
CAMPECHE,2020-04-19,nowcast,1.4,1,1.8,1.2,1.5,0.04
CAMPECHE,2020-04-20,nowcast,1.4,1,1.8,1.2,1.5,0.04
CAMPECHE,2020-04-21,nowcast,1.4,1,1.7,1.2,1.5,0.04
CAMPECHE,2020-04-22,nowcast,1.4,1,1.7,1.2,1.5,0.04
CAMPECHE,2020-04-23,nowcast,1.3,1,1.7,1.2,1.5,0.04
CAMPECHE,2020-04-24,nowcast,1.3,1,1.7,1.2,1.5,0.03
CAMPECHE,2020-04-25,nowcast,1.3,1,1.7,1.2,1.5,0.04
CAMPECHE,2020-04-26,nowcast,1.3,1,1.7,1.2,1.5,0.03
CAMPECHE,2020-04-27,nowcast,1.3,1,1.6,1.2,1.4,0.03
CAMPECHE,2020-04-28,nowcast,1.3,1,1.6,1.2,1.4,0.02
CAMPECHE,2020-04-29,nowcast,1.3,1,1.6,1.2,1.5,0.02
CAMPECHE,2020-04-30,nowcast,1.3,1,1.6,1.2,1.4,0.03
CAMPECHE,2020-05-01,nowcast,1.3,1,1.6,1.2,1.4,0.04
CAMPECHE,2020-05-02,nowcast,1.3,1,1.5,1.2,1.4,0.05
CAMPECHE,2020-05-03,nowcast,1.2,1,1.5,1.2,1.4,0.05
CAMPECHE,2020-05-04,nowcast,1.2,1,1.5,1.1,1.3,0.07
CAMPECHE,2020-05-05,nowcast,1.2,0.9,1.4,1.1,1.3,0.1
CAMPECHE,2020-05-06,nowcast,1.2,1,1.4,1.1,1.3,0.1
CAMPECHE,2020-05-07,nowcast,1.2,0.9,1.4,1.1,1.3,0.08
CAMPECHE,2020-05-08,nowcast,1.2,0.9,1.4,1.1,1.3,0.09
CAMPECHE,2020-05-09,nowcast,1.2,0.9,1.4,1.1,1.2,0.13
CAMPECHE,2020-05-10,nowcast,1.1,0.9,1.4,1,1.2,0.17
CAMPECHE,2020-05-11,nowcast,1.1,0.9,1.3,1,1.2,0.21
CAMPECHE,2020-05-12,nowcast,1.1,0.9,1.4,1,1.2,0.16
CAMPECHE,2020-05-13,nowcast,1.2,0.9,1.5,1,1.2,0.12
CAMPECHE,2020-05-14,nowcast,1.2,0.9,1.6,1.1,1.3,0.08
CAMPECHE,2020-05-15,nowcast,1.2,0.9,1.6,1.1,1.3,0.06
CAMPECHE,2020-05-16,nowcast,1.2,0.9,1.6,1.1,1.3,0.07
CAMPECHE,2020-05-17,nowcast,1.2,0.9,1.6,1.1,1.4,0.1
CAMPECHE,2020-05-18,nowcast,1.2,0.8,1.6,1.1,1.3,0.17
CHIAPAS,2020-03-31,nowcast,1.7,0.9,2.4,1.3,1.9,0.06
CHIAPAS,2020-04-01,nowcast,1.6,0.9,2.3,1.2,1.8,0.07
CHIAPAS,2020-04-02,nowcast,1.6,1,2.2,1.3,1.8,0.05
CHIAPAS,2020-04-03,nowcast,1.5,0.9,2.1,1.2,1.7,0.06
CHIAPAS,2020-04-04,nowcast,1.5,0.9,2,1.2,1.7,0.07
CHIAPAS,2020-04-05,nowcast,1.5,0.9,2,1.2,1.7,0.05
CHIAPAS,2020-04-06,nowcast,1.5,1,2,1.2,1.6,0.04
CHIAPAS,2020-04-07,nowcast,1.5,1,2,1.3,1.7,0.03
CHIAPAS,2020-04-08,nowcast,1.5,1,2,1.3,1.6,0.02
CHIAPAS,2020-04-09,nowcast,1.5,1.1,2,1.3,1.7,0.01
CHIAPAS,2020-04-10,nowcast,1.5,1.1,2,1.3,1.7,0.01
CHIAPAS,2020-04-11,nowcast,1.5,1.1,2,1.4,1.7,0.01
CHIAPAS,2020-04-12,nowcast,1.5,1.1,2,1.4,1.7,0.01
CHIAPAS,2020-04-13,nowcast,1.5,1.1,1.9,1.3,1.6,0.01
CHIAPAS,2020-04-14,nowcast,1.5,1.1,1.9,1.3,1.6,0.01
CHIAPAS,2020-04-15,nowcast,1.5,1.2,1.9,1.4,1.7,0.01
CHIAPAS,2020-04-16,nowcast,1.5,1.2,1.9,1.4,1.6,0
CHIAPAS,2020-04-17,nowcast,1.5,1.1,1.8,1.3,1.6,0.01
CHIAPAS,2020-04-18,nowcast,1.5,1.2,1.8,1.3,1.6,0.01
CHIAPAS,2020-04-19,nowcast,1.4,1.1,1.8,1.3,1.5,0.01
CHIAPAS,2020-04-20,nowcast,1.4,1.2,1.7,1.3,1.5,0
CHIAPAS,2020-04-21,nowcast,1.4,1.2,1.7,1.3,1.5,0
CHIAPAS,2020-04-22,nowcast,1.4,1.2,1.7,1.3,1.5,0.01
CHIAPAS,2020-04-23,nowcast,1.4,1.2,1.7,1.3,1.5,0
CHIAPAS,2020-04-24,nowcast,1.4,1.1,1.6,1.3,1.5,0
CHIAPAS,2020-04-25,nowcast,1.4,1.2,1.6,1.3,1.5,0
CHIAPAS,2020-04-26,nowcast,1.4,1.2,1.6,1.3,1.5,0
CHIAPAS,2020-04-27,nowcast,1.4,1.1,1.6,1.3,1.5,0
CHIAPAS,2020-04-28,nowcast,1.4,1.2,1.6,1.3,1.4,0
CHIAPAS,2020-04-29,nowcast,1.4,1.2,1.6,1.3,1.5,0
CHIAPAS,2020-04-30,nowcast,1.4,1.2,1.6,1.3,1.5,0
CHIAPAS,2020-05-01,nowcast,1.4,1.2,1.6,1.3,1.5,0
CHIAPAS,2020-05-02,nowcast,1.4,1.2,1.6,1.3,1.5,0
CHIAPAS,2020-05-03,nowcast,1.4,1.2,1.6,1.3,1.4,0
CHIAPAS,2020-05-04,nowcast,1.4,1.2,1.6,1.3,1.4,0
CHIAPAS,2020-05-05,nowcast,1.4,1.2,1.5,1.3,1.4,0
CHIAPAS,2020-05-06,nowcast,1.4,1.2,1.5,1.3,1.4,0
CHIAPAS,2020-05-07,nowcast,1.4,1.2,1.5,1.3,1.4,0
CHIAPAS,2020-05-08,nowcast,1.4,1.2,1.5,1.3,1.4,0
CHIAPAS,2020-05-09,nowcast,1.4,1.2,1.6,1.3,1.4,0
CHIAPAS,2020-05-10,nowcast,1.4,1.2,1.5,1.3,1.4,0
CHIAPAS,2020-05-11,nowcast,1.4,1.2,1.5,1.3,1.4,0
CHIAPAS,2020-05-12,nowcast,1.3,1.2,1.5,1.3,1.4,0
CHIAPAS,2020-05-13,nowcast,1.3,1.2,1.5,1.3,1.4,0
CHIAPAS,2020-05-14,nowcast,1.3,1.1,1.5,1.2,1.4,0
CHIAPAS,2020-05-15,nowcast,1.3,1.1,1.5,1.2,1.4,0.01
CHIAPAS,2020-05-16,nowcast,1.3,1.1,1.5,1.2,1.3,0.01
CHIAPAS,2020-05-17,nowcast,1.3,1.1,1.5,1.2,1.3,0.03
CHIAPAS,2020-05-18,nowcast,1.2,1,1.5,1.2,1.3,0.04
CHIAPAS,2020-05-19,forecast,1.2,1,1.5,1.1,1.3,0.05
CHIAPAS,2020-05-20,forecast,1.2,1,1.5,1.1,1.3,0.07
CHIAPAS,2020-05-21,forecast,1.2,0.9,1.5,1.1,1.3,0.08
CHIAPAS,2020-05-22,forecast,1.2,0.9,1.5,1.1,1.3,0.09
CHIAPAS,2020-05-23,forecast,1.2,0.9,1.5,1.1,1.4,0.11
CHIAPAS,2020-05-24,forecast,1.2,0.9,1.6,1.1,1.3,0.13
CHIAPAS,2020-05-25,forecast,1.2,0.9,1.6,1.1,1.3,0.14
CHIAPAS,2020-05-26,forecast,1.2,0.8,1.6,1.1,1.4,0.16
CHIAPAS,2020-05-27,forecast,1.2,0.8,1.6,1.1,1.3,0.17
CHIAPAS,2020-05-28,forecast,1.2,0.8,1.6,1,1.3,0.18
CHIAPAS,2020-05-29,forecast,1.2,0.8,1.6,1.1,1.4,0.18
CHIAPAS,2020-05-30,forecast,1.2,0.8,1.6,1.1,1.4,0.19
CHIAPAS,2020-05-31,forecast,1.2,0.7,1.6,1,1.4,0.2
CHIAPAS,2020-06-01,forecast,1.2,0.7,1.6,1,1.4,0.22
CHIHUAHUA,2020-04-01,nowcast,1.8,1.3,2.4,1.5,2,0
CHIHUAHUA,2020-04-02,nowcast,1.7,1.2,2.3,1.5,1.9,0
CHIHUAHUA,2020-04-03,nowcast,1.6,1.2,2.1,1.4,1.8,0.01
CHIHUAHUA,2020-04-04,nowcast,1.6,1.2,2,1.4,1.7,0.01
CHIHUAHUA,2020-04-05,nowcast,1.5,1.1,1.9,1.3,1.6,0.01
CHIHUAHUA,2020-04-06,nowcast,1.5,1.1,1.8,1.3,1.6,0.01
CHIHUAHUA,2020-04-07,nowcast,1.4,1.1,1.8,1.3,1.6,0.01
CHIHUAHUA,2020-04-08,nowcast,1.4,1.1,1.8,1.3,1.5,0.01
CHIHUAHUA,2020-04-09,nowcast,1.4,1.1,1.7,1.3,1.5,0
CHIHUAHUA,2020-04-10,nowcast,1.4,1.1,1.7,1.3,1.5,0
CHIHUAHUA,2020-04-11,nowcast,1.4,1.1,1.7,1.3,1.5,0.01
CHIHUAHUA,2020-04-12,nowcast,1.4,1.1,1.7,1.3,1.5,0.01
CHIHUAHUA,2020-04-13,nowcast,1.4,1.1,1.6,1.2,1.4,0.01
CHIHUAHUA,2020-04-14,nowcast,1.4,1.1,1.6,1.2,1.4,0.01
CHIHUAHUA,2020-04-15,nowcast,1.4,1.1,1.6,1.2,1.4,0
CHIHUAHUA,2020-04-16,nowcast,1.4,1.1,1.6,1.3,1.4,0
CHIHUAHUA,2020-04-17,nowcast,1.4,1.2,1.6,1.3,1.4,0
CHIHUAHUA,2020-04-18,nowcast,1.4,1.1,1.6,1.3,1.4,0
CHIHUAHUA,2020-04-19,nowcast,1.3,1.1,1.6,1.2,1.4,0
CHIHUAHUA,2020-04-20,nowcast,1.3,1.1,1.5,1.2,1.4,0
CHIHUAHUA,2020-04-21,nowcast,1.3,1.1,1.5,1.2,1.4,0.01
CHIHUAHUA,2020-04-22,nowcast,1.3,1.1,1.4,1.2,1.3,0.01
CHIHUAHUA,2020-04-23,nowcast,1.2,1.1,1.4,1.2,1.3,0.01
CHIHUAHUA,2020-04-24,nowcast,1.2,1,1.4,1.1,1.3,0.03
CHIHUAHUA,2020-04-25,nowcast,1.2,1,1.3,1.1,1.2,0.06
CHIHUAHUA,2020-04-26,nowcast,1.1,0.9,1.3,1,1.2,0.13
CHIHUAHUA,2020-04-27,nowcast,1.1,0.9,1.2,1,1.1,0.3
CHIHUAHUA,2020-04-28,nowcast,1,0.8,1.2,0.9,1.1,0.54
CHIHUAHUA,2020-04-29,nowcast,1,0.8,1.1,0.9,1,0.69
CHIHUAHUA,2020-04-30,nowcast,1,0.8,1.1,0.9,1,0.73
CHIHUAHUA,2020-05-01,nowcast,1,0.8,1.1,0.9,1,0.72
CHIHUAHUA,2020-05-02,nowcast,1,0.8,1.1,0.9,1,0.6
CHIHUAHUA,2020-05-03,nowcast,1,0.9,1.2,0.9,1.1,0.42
CHIHUAHUA,2020-05-04,nowcast,1.1,0.9,1.3,1,1.2,0.2
CHIHUAHUA,2020-05-05,nowcast,1.1,1,1.3,1.1,1.2,0.08
CHIHUAHUA,2020-05-06,nowcast,1.2,1,1.3,1.1,1.2,0.04
CHIHUAHUA,2020-05-07,nowcast,1.2,1,1.3,1.1,1.2,0.03
CHIHUAHUA,2020-05-08,nowcast,1.2,1,1.3,1.1,1.2,0.03
CHIHUAHUA,2020-05-09,nowcast,1.2,1,1.3,1.1,1.2,0.05
CHIHUAHUA,2020-05-10,nowcast,1.1,1,1.3,1.1,1.2,0.07
CHIHUAHUA,2020-05-11,nowcast,1.1,1,1.3,1.1,1.2,0.11
CHIHUAHUA,2020-05-12,nowcast,1.1,1,1.3,1.1,1.2,0.07
CHIHUAHUA,2020-05-13,nowcast,1.2,1,1.3,1.1,1.2,0.05
CHIHUAHUA,2020-05-14,nowcast,1.2,1,1.4,1.1,1.2,0.03
CHIHUAHUA,2020-05-15,nowcast,1.2,1,1.4,1.1,1.2,0.03
CHIHUAHUA,2020-05-16,nowcast,1.2,1,1.4,1.1,1.3,0.07
CHIHUAHUA,2020-05-17,nowcast,1.2,0.9,1.4,1.1,1.2,0.11
CHIHUAHUA,2020-05-18,nowcast,1.2,0.9,1.5,1.1,1.3,0.08
CHIHUAHUA,2020-05-19,forecast,1.2,0.9,1.5,1.1,1.3,0.11
CHIHUAHUA,2020-05-20,forecast,1.2,0.9,1.5,1.1,1.3,0.15
CHIHUAHUA,2020-05-21,forecast,1.2,0.8,1.5,1,1.3,0.17
CHIHUAHUA,2020-05-22,forecast,1.2,0.8,1.6,1,1.3,0.19
CHIHUAHUA,2020-05-23,forecast,1.2,0.8,1.6,1,1.3,0.21
CHIHUAHUA,2020-05-24,forecast,1.2,0.7,1.6,1,1.3,0.23
CHIHUAHUA,2020-05-25,forecast,1.2,0.8,1.6,1,1.3,0.25
CHIHUAHUA,2020-05-26,forecast,1.2,0.7,1.6,1,1.4,0.26
CHIHUAHUA,2020-05-27,forecast,1.2,0.7,1.6,1,1.3,0.28
CHIHUAHUA,2020-05-28,forecast,1.1,0.6,1.6,0.9,1.3,0.31
CHIHUAHUA,2020-05-29,forecast,1.1,0.6,1.7,0.9,1.3,0.31
CHIHUAHUA,2020-05-30,forecast,1.1,0.6,1.7,0.9,1.3,0.32
CHIHUAHUA,2020-05-31,forecast,1.1,0.6,1.6,0.9,1.3,0.33
CHIHUAHUA,2020-06-01,forecast,1.2,0.6,1.7,0.9,1.4,0.33
CIUDAD DE MEXICO,2020-03-28,nowcast,1.9,1.6,2.2,1.7,2,0
CIUDAD DE MEXICO,2020-03-29,nowcast,1.8,1.5,2.1,1.6,1.9,0
CIUDAD DE MEXICO,2020-03-30,nowcast,1.7,1.4,2,1.6,1.8,0
CIUDAD DE MEXICO,2020-03-31,nowcast,1.6,1.3,1.8,1.5,1.7,0
CIUDAD DE MEXICO,2020-04-01,nowcast,1.5,1.3,1.7,1.4,1.6,0
CIUDAD DE MEXICO,2020-04-02,nowcast,1.5,1.3,1.6,1.4,1.5,0
CIUDAD DE MEXICO,2020-04-03,nowcast,1.4,1.3,1.6,1.3,1.5,0
CIUDAD DE MEXICO,2020-04-04,nowcast,1.4,1.3,1.6,1.3,1.5,0
CIUDAD DE MEXICO,2020-04-05,nowcast,1.4,1.3,1.5,1.3,1.4,0
CIUDAD DE MEXICO,2020-04-06,nowcast,1.4,1.3,1.5,1.3,1.4,0
CIUDAD DE MEXICO,2020-04-07,nowcast,1.4,1.2,1.5,1.3,1.4,0
CIUDAD DE MEXICO,2020-04-08,nowcast,1.4,1.3,1.5,1.3,1.4,0
CIUDAD DE MEXICO,2020-04-09,nowcast,1.4,1.3,1.5,1.3,1.4,0
CIUDAD DE MEXICO,2020-04-10,nowcast,1.4,1.3,1.5,1.3,1.4,0
CIUDAD DE MEXICO,2020-04-11,nowcast,1.4,1.3,1.5,1.3,1.4,0
CIUDAD DE MEXICO,2020-04-12,nowcast,1.4,1.2,1.5,1.3,1.4,0
CIUDAD DE MEXICO,2020-04-13,nowcast,1.3,1.2,1.4,1.3,1.4,0
CIUDAD DE MEXICO,2020-04-14,nowcast,1.3,1.2,1.4,1.3,1.4,0
CIUDAD DE MEXICO,2020-04-15,nowcast,1.3,1.2,1.4,1.3,1.3,0
CIUDAD DE MEXICO,2020-04-16,nowcast,1.3,1.2,1.4,1.3,1.3,0
CIUDAD DE MEXICO,2020-04-17,nowcast,1.3,1.2,1.4,1.2,1.3,0
CIUDAD DE MEXICO,2020-04-18,nowcast,1.2,1.2,1.3,1.2,1.3,0
CIUDAD DE MEXICO,2020-04-19,nowcast,1.2,1.1,1.3,1.2,1.3,0
CIUDAD DE MEXICO,2020-04-20,nowcast,1.2,1.1,1.3,1.2,1.2,0
CIUDAD DE MEXICO,2020-04-21,nowcast,1.2,1.1,1.3,1.2,1.2,0
CIUDAD DE MEXICO,2020-04-22,nowcast,1.2,1.2,1.3,1.2,1.2,0
CIUDAD DE MEXICO,2020-04-23,nowcast,1.2,1.2,1.3,1.2,1.3,0
CIUDAD DE MEXICO,2020-04-24,nowcast,1.2,1.2,1.3,1.2,1.3,0
CIUDAD DE MEXICO,2020-04-25,nowcast,1.2,1.2,1.3,1.2,1.2,0
CIUDAD DE MEXICO,2020-04-26,nowcast,1.2,1.2,1.3,1.2,1.2,0
CIUDAD DE MEXICO,2020-04-27,nowcast,1.2,1.1,1.3,1.2,1.2,0
CIUDAD DE MEXICO,2020-04-28,nowcast,1.2,1.1,1.3,1.2,1.2,0
CIUDAD DE MEXICO,2020-04-29,nowcast,1.2,1.1,1.3,1.2,1.2,0
CIUDAD DE MEXICO,2020-04-30,nowcast,1.2,1.1,1.3,1.2,1.2,0
CIUDAD DE MEXICO,2020-05-01,nowcast,1.2,1.1,1.3,1.2,1.2,0
CIUDAD DE MEXICO,2020-05-02,nowcast,1.2,1.1,1.2,1.2,1.2,0
CIUDAD DE MEXICO,2020-05-03,nowcast,1.2,1.1,1.2,1.1,1.2,0
CIUDAD DE MEXICO,2020-05-04,nowcast,1.2,1.1,1.2,1.1,1.2,0
CIUDAD DE MEXICO,2020-05-05,nowcast,1.2,1.1,1.2,1.1,1.2,0
CIUDAD DE MEXICO,2020-05-06,nowcast,1.2,1.1,1.2,1.2,1.2,0
CIUDAD DE MEXICO,2020-05-07,nowcast,1.2,1.1,1.2,1.2,1.2,0
CIUDAD DE MEXICO,2020-05-08,nowcast,1.2,1.1,1.3,1.2,1.2,0
CIUDAD DE MEXICO,2020-05-09,nowcast,1.2,1.1,1.2,1.2,1.2,0
CIUDAD DE MEXICO,2020-05-10,nowcast,1.2,1.1,1.2,1.2,1.2,0
CIUDAD DE MEXICO,2020-05-11,nowcast,1.2,1.1,1.2,1.1,1.2,0
CIUDAD DE MEXICO,2020-05-12,nowcast,1.2,1.1,1.2,1.1,1.2,0
CIUDAD DE MEXICO,2020-05-13,nowcast,1.1,1.1,1.2,1.1,1.2,0
CIUDAD DE MEXICO,2020-05-14,nowcast,1.1,1.1,1.2,1.1,1.2,0
CIUDAD DE MEXICO,2020-05-15,nowcast,1.1,1.1,1.2,1.1,1.1,0
CIUDAD DE MEXICO,2020-05-16,nowcast,1.1,1.1,1.2,1.1,1.1,0
CIUDAD DE MEXICO,2020-05-17,nowcast,1.1,1,1.2,1.1,1.1,0.01
CIUDAD DE MEXICO,2020-05-18,nowcast,1.1,1,1.1,1,1.1,0.09
CIUDAD DE MEXICO,2020-05-19,forecast,1.1,1,1.2,1,1.1,0.11
CIUDAD DE MEXICO,2020-05-20,forecast,1.1,1,1.2,1,1.1,0.16
CIUDAD DE MEXICO,2020-05-21,forecast,1.1,0.9,1.2,1,1.1,0.21
CIUDAD DE MEXICO,2020-05-22,forecast,1.1,0.9,1.2,1,1.1,0.25
CIUDAD DE MEXICO,2020-05-23,forecast,1,0.9,1.2,1,1.1,0.29
CIUDAD DE MEXICO,2020-05-24,forecast,1,0.9,1.2,1,1.1,0.32
CIUDAD DE MEXICO,2020-05-25,forecast,1,0.9,1.2,1,1.1,0.35
CIUDAD DE MEXICO,2020-05-26,forecast,1,0.9,1.2,1,1.1,0.36
CIUDAD DE MEXICO,2020-05-27,forecast,1,0.9,1.2,1,1.1,0.39
CIUDAD DE MEXICO,2020-05-28,forecast,1,0.8,1.2,1,1.1,0.39
CIUDAD DE MEXICO,2020-05-29,forecast,1,0.8,1.2,1,1.1,0.41
CIUDAD DE MEXICO,2020-05-30,forecast,1,0.8,1.2,1,1.1,0.43
CIUDAD DE MEXICO,2020-05-31,forecast,1,0.8,1.2,1,1.1,0.43
CIUDAD DE MEXICO,2020-06-01,forecast,1,0.8,1.2,0.9,1.1,0.46
COAHUILA,2020-03-28,nowcast,1.8,1.3,2.4,1.5,2,0
COAHUILA,2020-03-29,nowcast,1.7,1.2,2.3,1.5,1.8,0
COAHUILA,2020-03-30,nowcast,1.6,1.1,2,1.4,1.7,0.01
COAHUILA,2020-03-31,nowcast,1.4,1,1.8,1.3,1.6,0.02
COAHUILA,2020-04-01,nowcast,1.3,1,1.7,1.2,1.5,0.06
COAHUILA,2020-04-02,nowcast,1.3,0.9,1.6,1.1,1.4,0.09
COAHUILA,2020-04-03,nowcast,1.2,0.9,1.5,1.1,1.3,0.15
COAHUILA,2020-04-04,nowcast,1.2,0.9,1.4,1,1.3,0.18
COAHUILA,2020-04-05,nowcast,1.1,0.9,1.4,1,1.2,0.17
COAHUILA,2020-04-06,nowcast,1.1,0.9,1.4,1,1.2,0.19
COAHUILA,2020-04-07,nowcast,1.1,0.9,1.4,1,1.2,0.19
COAHUILA,2020-04-08,nowcast,1.1,0.9,1.3,1,1.2,0.22
COAHUILA,2020-04-09,nowcast,1.1,0.9,1.3,1,1.2,0.25
COAHUILA,2020-04-10,nowcast,1.1,0.9,1.3,1,1.2,0.27
COAHUILA,2020-04-11,nowcast,1.1,0.9,1.3,1,1.2,0.23
COAHUILA,2020-04-12,nowcast,1.1,0.9,1.3,1,1.2,0.23
COAHUILA,2020-04-13,nowcast,1.1,0.9,1.4,1,1.2,0.17
COAHUILA,2020-04-14,nowcast,1.1,0.9,1.4,1,1.2,0.16
COAHUILA,2020-04-15,nowcast,1.1,0.9,1.3,1,1.2,0.16
COAHUILA,2020-04-16,nowcast,1.1,0.9,1.4,1,1.2,0.18
COAHUILA,2020-04-17,nowcast,1.1,0.9,1.3,1,1.2,0.15
COAHUILA,2020-04-18,nowcast,1.1,0.9,1.3,1,1.2,0.15
COAHUILA,2020-04-19,nowcast,1.1,0.9,1.3,1,1.2,0.17
COAHUILA,2020-04-20,nowcast,1.1,0.9,1.3,1,1.2,0.21
COAHUILA,2020-04-21,nowcast,1.1,0.9,1.3,1,1.2,0.23
COAHUILA,2020-04-22,nowcast,1.1,0.9,1.3,1,1.2,0.23
COAHUILA,2020-04-23,nowcast,1.1,0.9,1.3,1,1.2,0.22
COAHUILA,2020-04-24,nowcast,1.1,0.9,1.3,1,1.2,0.23
COAHUILA,2020-04-25,nowcast,1.1,0.9,1.3,1,1.1,0.24
COAHUILA,2020-04-26,nowcast,1.1,0.9,1.3,1,1.1,0.28
COAHUILA,2020-04-27,nowcast,1.1,0.9,1.2,1,1.1,0.31
COAHUILA,2020-04-28,nowcast,1.1,0.9,1.3,1,1.1,0.31
COAHUILA,2020-04-29,nowcast,1,0.9,1.2,1,1.1,0.34
COAHUILA,2020-04-30,nowcast,1,0.9,1.2,1,1.1,0.35
COAHUILA,2020-05-01,nowcast,1.1,0.9,1.3,1,1.1,0.31
COAHUILA,2020-05-02,nowcast,1.1,0.9,1.3,1,1.2,0.26
COAHUILA,2020-05-03,nowcast,1.1,0.9,1.3,1,1.2,0.21
COAHUILA,2020-05-04,nowcast,1.1,0.9,1.3,1,1.1,0.21
COAHUILA,2020-05-05,nowcast,1.1,0.9,1.3,1,1.2,0.17
COAHUILA,2020-05-06,nowcast,1.1,0.9,1.3,1,1.2,0.11
COAHUILA,2020-05-07,nowcast,1.2,1,1.4,1.1,1.2,0.08
COAHUILA,2020-05-08,nowcast,1.2,1,1.4,1.1,1.2,0.07
COAHUILA,2020-05-09,nowcast,1.2,1,1.4,1.1,1.3,0.06
COAHUILA,2020-05-10,nowcast,1.2,1,1.4,1.1,1.3,0.04
COAHUILA,2020-05-11,nowcast,1.2,1,1.5,1.1,1.3,0.04
COAHUILA,2020-05-12,nowcast,1.2,1,1.5,1.1,1.3,0.02
COAHUILA,2020-05-13,nowcast,1.3,1,1.5,1.2,1.3,0.02
COAHUILA,2020-05-14,nowcast,1.3,1.1,1.6,1.2,1.4,0.01
COAHUILA,2020-05-15,nowcast,1.3,1,1.6,1.2,1.4,0.02
COAHUILA,2020-05-16,nowcast,1.3,1,1.6,1.2,1.4,0.05
COAHUILA,2020-05-17,nowcast,1.3,1,1.6,1.2,1.4,0.05
COAHUILA,2020-05-18,nowcast,1.3,1,1.7,1.2,1.4,0.04
COAHUILA,2020-05-19,forecast,1.3,1,1.7,1.1,1.4,0.05
COAHUILA,2020-05-20,forecast,1.3,0.9,1.7,1.2,1.4,0.06
COAHUILA,2020-05-21,forecast,1.3,0.9,1.8,1.1,1.4,0.07
COAHUILA,2020-05-22,forecast,1.3,0.9,1.8,1.1,1.4,0.09
COAHUILA,2020-05-23,forecast,1.3,0.9,1.8,1.1,1.4,0.09
COAHUILA,2020-05-24,forecast,1.3,0.9,1.8,1.1,1.4,0.11
COAHUILA,2020-05-25,forecast,1.3,0.8,1.8,1.1,1.4,0.11
COAHUILA,2020-05-26,forecast,1.3,0.9,1.9,1.1,1.4,0.13
COAHUILA,2020-05-27,forecast,1.3,0.8,1.9,1.1,1.5,0.12
COAHUILA,2020-05-28,forecast,1.3,0.8,1.9,1.1,1.5,0.14
COAHUILA,2020-05-29,forecast,1.3,0.8,1.9,1.1,1.5,0.15
COAHUILA,2020-05-30,forecast,1.3,0.7,1.9,1,1.5,0.17
COAHUILA,2020-05-31,forecast,1.3,0.7,1.9,1.1,1.5,0.18
COAHUILA,2020-06-01,forecast,1.3,0.7,1.9,1,1.5,0.18
COLIMA,2020-04-22,nowcast,1.2,0.5,1.9,0.8,1.4,0.35
COLIMA,2020-04-23,nowcast,1.2,0.5,1.9,0.8,1.4,0.35
COLIMA,2020-04-24,nowcast,1.1,0.5,1.9,0.8,1.3,0.37
COLIMA,2020-04-25,nowcast,1.2,0.4,2,0.8,1.4,0.33
COLIMA,2020-04-26,nowcast,1.5,0.6,2.4,1,1.7,0.16
COLIMA,2020-04-27,nowcast,1.6,0.8,2.6,1.1,1.8,0.09
COLIMA,2020-04-28,nowcast,1.6,0.8,2.6,1.2,1.9,0.08
COLIMA,2020-04-29,nowcast,1.6,0.8,2.4,1.2,1.8,0.08
COLIMA,2020-04-30,nowcast,1.8,1,2.6,1.4,2,0.04
COLIMA,2020-05-01,nowcast,1.7,1,2.6,1.4,2,0.03
COLIMA,2020-05-02,nowcast,1.7,1,2.5,1.3,1.9,0.03
COLIMA,2020-05-03,nowcast,1.6,0.9,2.3,1.3,1.8,0.06
COLIMA,2020-05-04,nowcast,1.5,0.9,2.2,1.3,1.8,0.07
COLIMA,2020-05-05,nowcast,1.5,0.9,2.2,1.2,1.7,0.05
COLIMA,2020-05-06,nowcast,1.5,0.9,2.1,1.3,1.7,0.05
COLIMA,2020-05-07,nowcast,1.5,0.9,2.1,1.2,1.7,0.06
COLIMA,2020-05-08,nowcast,1.4,0.9,2,1.2,1.6,0.07
COLIMA,2020-05-09,nowcast,1.4,0.9,1.9,1.1,1.6,0.1
COLIMA,2020-05-10,nowcast,1.3,0.8,1.9,1.1,1.5,0.12
COLIMA,2020-05-11,nowcast,1.3,0.8,1.8,1.1,1.5,0.12
COLIMA,2020-05-12,nowcast,1.3,0.8,1.8,1.1,1.5,0.13
COLIMA,2020-05-13,nowcast,1.3,0.8,1.8,1.1,1.5,0.14
COLIMA,2020-05-14,nowcast,1.3,0.7,1.9,1,1.5,0.19
COLIMA,2020-05-15,nowcast,1.2,0.7,1.8,1,1.4,0.22
COLIMA,2020-05-16,nowcast,1.3,0.7,1.9,1,1.4,0.19
COLIMA,2020-05-17,nowcast,1.2,0.6,1.9,1,1.4,0.25
COLIMA,2020-05-18,nowcast,1.3,0.5,2.1,1,1.5,0.2
DURANGO,2020-04-16,nowcast,1.6,1,2.2,1.3,1.8,0.04
DURANGO,2020-04-17,nowcast,1.5,0.9,2.1,1.3,1.7,0.05
DURANGO,2020-04-18,nowcast,1.4,0.9,2,1.2,1.6,0.07
DURANGO,2020-04-19,nowcast,1.4,0.9,1.9,1.1,1.5,0.1
DURANGO,2020-04-20,nowcast,1.3,0.8,1.8,1.1,1.5,0.15
DURANGO,2020-04-21,nowcast,1.3,0.9,1.8,1.1,1.5,0.13
DURANGO,2020-04-22,nowcast,1.3,0.8,1.7,1.1,1.4,0.11
DURANGO,2020-04-23,nowcast,1.3,0.9,1.7,1.1,1.4,0.12
DURANGO,2020-04-24,nowcast,1.3,0.9,1.7,1.1,1.4,0.13
DURANGO,2020-04-25,nowcast,1.2,0.8,1.6,1,1.4,0.16
DURANGO,2020-04-26,nowcast,1.2,0.8,1.6,1,1.3,0.19
DURANGO,2020-04-27,nowcast,1.2,0.8,1.5,1,1.3,0.23
DURANGO,2020-04-28,nowcast,1.2,0.8,1.6,1.1,1.4,0.17
DURANGO,2020-04-29,nowcast,1.2,0.8,1.6,1,1.3,0.16
DURANGO,2020-04-30,nowcast,1.2,0.8,1.6,1,1.3,0.15
DURANGO,2020-05-01,nowcast,1.2,0.8,1.6,1,1.3,0.17
DURANGO,2020-05-02,nowcast,1.2,0.8,1.6,1,1.3,0.18
DURANGO,2020-05-03,nowcast,1.2,0.9,1.6,1.1,1.3,0.16
DURANGO,2020-05-04,nowcast,1.2,0.9,1.6,1.1,1.3,0.13
DURANGO,2020-05-05,nowcast,1.2,0.9,1.6,1.1,1.3,0.12
DURANGO,2020-05-06,nowcast,1.2,0.9,1.6,1.1,1.3,0.12
DURANGO,2020-05-07,nowcast,1.3,0.9,1.6,1.1,1.4,0.08
DURANGO,2020-05-08,nowcast,1.3,0.9,1.6,1.1,1.4,0.07
DURANGO,2020-05-09,nowcast,1.3,0.9,1.7,1.1,1.4,0.06
DURANGO,2020-05-10,nowcast,1.3,1,1.7,1.1,1.4,0.07
DURANGO,2020-05-11,nowcast,1.3,0.9,1.6,1.1,1.4,0.07
DURANGO,2020-05-12,nowcast,1.3,0.9,1.7,1.1,1.4,0.08
DURANGO,2020-05-13,nowcast,1.3,0.9,1.7,1.1,1.4,0.07
DURANGO,2020-05-14,nowcast,1.3,0.9,1.7,1.1,1.4,0.08
DURANGO,2020-05-15,nowcast,1.3,0.9,1.7,1.1,1.4,0.07
DURANGO,2020-05-16,nowcast,1.3,0.9,1.8,1.1,1.4,0.1
DURANGO,2020-05-17,nowcast,1.3,0.9,1.9,1.1,1.4,0.08
DURANGO,2020-05-18,nowcast,1.4,0.8,2,1.1,1.5,0.09
GUANAJUATO,2020-04-01,nowcast,1.8,1.2,2.5,1.4,1.9,0.02
GUANAJUATO,2020-04-02,nowcast,1.7,1.1,2.3,1.4,1.9,0.02
GUANAJUATO,2020-04-03,nowcast,1.6,1.1,2.1,1.3,1.8,0.02
GUANAJUATO,2020-04-04,nowcast,1.5,1,2,1.4,1.8,0.02
GUANAJUATO,2020-04-05,nowcast,1.5,1,1.9,1.3,1.6,0.03
GUANAJUATO,2020-04-06,nowcast,1.5,1.1,1.9,1.3,1.6,0.02
GUANAJUATO,2020-04-07,nowcast,1.5,1.1,1.9,1.3,1.6,0.02
GUANAJUATO,2020-04-08,nowcast,1.5,1.1,1.9,1.3,1.6,0.01
GUANAJUATO,2020-04-09,nowcast,1.5,1.1,1.9,1.3,1.6,0.01
GUANAJUATO,2020-04-10,nowcast,1.5,1.1,1.8,1.3,1.6,0.01
GUANAJUATO,2020-04-11,nowcast,1.5,1.1,1.8,1.3,1.6,0.01
GUANAJUATO,2020-04-12,nowcast,1.4,1.1,1.7,1.3,1.5,0.01
GUANAJUATO,2020-04-13,nowcast,1.4,1.1,1.7,1.2,1.5,0.03
GUANAJUATO,2020-04-14,nowcast,1.3,1,1.6,1.2,1.4,0.04
GUANAJUATO,2020-04-15,nowcast,1.3,1,1.5,1.1,1.4,0.06
GUANAJUATO,2020-04-16,nowcast,1.2,1,1.5,1.1,1.3,0.08
GUANAJUATO,2020-04-17,nowcast,1.2,1,1.5,1.1,1.3,0.08
GUANAJUATO,2020-04-18,nowcast,1.2,1,1.5,1.1,1.3,0.07
GUANAJUATO,2020-04-19,nowcast,1.2,1,1.5,1.1,1.3,0.05
GUANAJUATO,2020-04-20,nowcast,1.3,1,1.5,1.1,1.3,0.03
GUANAJUATO,2020-04-21,nowcast,1.3,1.1,1.6,1.2,1.4,0.01
GUANAJUATO,2020-04-22,nowcast,1.3,1.1,1.6,1.2,1.4,0.01
GUANAJUATO,2020-04-23,nowcast,1.3,1.1,1.6,1.2,1.4,0.01
GUANAJUATO,2020-04-24,nowcast,1.4,1.1,1.6,1.3,1.5,0
GUANAJUATO,2020-04-25,nowcast,1.4,1.1,1.6,1.3,1.4,0
GUANAJUATO,2020-04-26,nowcast,1.3,1.1,1.6,1.3,1.4,0
GUANAJUATO,2020-04-27,nowcast,1.3,1.1,1.6,1.2,1.4,0
GUANAJUATO,2020-04-28,nowcast,1.4,1.2,1.6,1.3,1.4,0
GUANAJUATO,2020-04-29,nowcast,1.4,1.2,1.6,1.3,1.4,0
GUANAJUATO,2020-04-30,nowcast,1.4,1.2,1.6,1.3,1.4,0
GUANAJUATO,2020-05-01,nowcast,1.4,1.2,1.6,1.3,1.4,0
GUANAJUATO,2020-05-02,nowcast,1.3,1.1,1.5,1.2,1.4,0
GUANAJUATO,2020-05-03,nowcast,1.3,1.1,1.5,1.2,1.4,0
GUANAJUATO,2020-05-04,nowcast,1.3,1.1,1.5,1.2,1.3,0.01
GUANAJUATO,2020-05-05,nowcast,1.3,1.1,1.4,1.2,1.3,0.01
GUANAJUATO,2020-05-06,nowcast,1.2,1.1,1.4,1.2,1.3,0.01
GUANAJUATO,2020-05-07,nowcast,1.2,1,1.4,1.1,1.3,0.02
GUANAJUATO,2020-05-08,nowcast,1.2,1,1.4,1.1,1.3,0.03
GUANAJUATO,2020-05-09,nowcast,1.2,1,1.3,1.1,1.2,0.03
GUANAJUATO,2020-05-10,nowcast,1.2,1,1.3,1.1,1.2,0.03
GUANAJUATO,2020-05-11,nowcast,1.2,1,1.3,1.1,1.2,0.03
GUANAJUATO,2020-05-12,nowcast,1.2,1,1.3,1.1,1.2,0.03
GUANAJUATO,2020-05-13,nowcast,1.2,1,1.4,1.1,1.2,0.01
GUANAJUATO,2020-05-14,nowcast,1.2,1,1.4,1.1,1.3,0.01
GUANAJUATO,2020-05-15,nowcast,1.2,1,1.4,1.1,1.3,0.02
GUANAJUATO,2020-05-16,nowcast,1.2,1.1,1.5,1.1,1.3,0.02
GUANAJUATO,2020-05-17,nowcast,1.2,1,1.4,1.1,1.3,0.06
GUANAJUATO,2020-05-18,nowcast,1.2,0.9,1.4,1.1,1.3,0.09
GUANAJUATO,2020-05-19,forecast,1.2,0.9,1.5,1.1,1.3,0.1
GUANAJUATO,2020-05-20,forecast,1.2,0.9,1.5,1.1,1.3,0.12
GUANAJUATO,2020-05-21,forecast,1.2,0.9,1.5,1.1,1.3,0.14
GUANAJUATO,2020-05-22,forecast,1.2,0.8,1.5,1.1,1.3,0.16
GUANAJUATO,2020-05-23,forecast,1.2,0.8,1.5,1.1,1.3,0.18
GUANAJUATO,2020-05-24,forecast,1.2,0.8,1.6,1,1.3,0.21
GUANAJUATO,2020-05-25,forecast,1.2,0.7,1.6,1,1.3,0.21
GUANAJUATO,2020-05-26,forecast,1.2,0.7,1.6,1,1.3,0.23
GUANAJUATO,2020-05-27,forecast,1.2,0.7,1.6,1,1.4,0.24
GUANAJUATO,2020-05-28,forecast,1.2,0.7,1.6,1,1.4,0.25
GUANAJUATO,2020-05-29,forecast,1.2,0.7,1.6,1,1.3,0.27
GUANAJUATO,2020-05-30,forecast,1.2,0.7,1.7,1,1.4,0.27
GUANAJUATO,2020-05-31,forecast,1.2,0.7,1.7,1,1.3,0.29
GUANAJUATO,2020-06-01,forecast,1.2,0.6,1.7,1,1.4,0.3
GUERRERO,2020-03-31,nowcast,1.7,1.1,2.3,1.4,1.9,0.01
GUERRERO,2020-04-01,nowcast,1.6,1.1,2.1,1.4,1.8,0.02
GUERRERO,2020-04-02,nowcast,1.5,1.1,2,1.3,1.7,0.03
GUERRERO,2020-04-03,nowcast,1.5,1,1.9,1.3,1.6,0.03
GUERRERO,2020-04-04,nowcast,1.4,1,1.8,1.2,1.5,0.04
GUERRERO,2020-04-05,nowcast,1.4,1,1.7,1.2,1.5,0.04
GUERRERO,2020-04-06,nowcast,1.3,1,1.6,1.2,1.5,0.05
GUERRERO,2020-04-07,nowcast,1.3,1,1.6,1.2,1.4,0.06
GUERRERO,2020-04-08,nowcast,1.3,0.9,1.6,1.1,1.4,0.07
GUERRERO,2020-04-09,nowcast,1.3,0.9,1.6,1.1,1.4,0.08
GUERRERO,2020-04-10,nowcast,1.3,1,1.6,1.1,1.4,0.06
GUERRERO,2020-04-11,nowcast,1.3,1,1.6,1.2,1.4,0.04
GUERRERO,2020-04-12,nowcast,1.3,1,1.6,1.2,1.4,0.03
GUERRERO,2020-04-13,nowcast,1.3,1.1,1.6,1.2,1.4,0.01
GUERRERO,2020-04-14,nowcast,1.4,1.1,1.7,1.3,1.5,0.01
GUERRERO,2020-04-15,nowcast,1.4,1.1,1.7,1.3,1.5,0
GUERRERO,2020-04-16,nowcast,1.4,1.2,1.7,1.3,1.5,0
GUERRERO,2020-04-17,nowcast,1.4,1.2,1.7,1.3,1.5,0
GUERRERO,2020-04-18,nowcast,1.4,1.2,1.7,1.3,1.5,0.01
GUERRERO,2020-04-19,nowcast,1.4,1.2,1.7,1.3,1.5,0
GUERRERO,2020-04-20,nowcast,1.4,1.2,1.6,1.3,1.5,0
GUERRERO,2020-04-21,nowcast,1.4,1.1,1.6,1.3,1.4,0
GUERRERO,2020-04-22,nowcast,1.3,1.1,1.6,1.3,1.4,0.01
GUERRERO,2020-04-23,nowcast,1.3,1.1,1.5,1.2,1.4,0.01
GUERRERO,2020-04-24,nowcast,1.3,1,1.5,1.2,1.3,0.02
GUERRERO,2020-04-25,nowcast,1.2,1,1.4,1.2,1.3,0.02
GUERRERO,2020-04-26,nowcast,1.2,1,1.4,1.2,1.3,0.02
GUERRERO,2020-04-27,nowcast,1.2,1.1,1.4,1.2,1.3,0.01
GUERRERO,2020-04-28,nowcast,1.2,1.1,1.4,1.2,1.3,0.01
GUERRERO,2020-04-29,nowcast,1.3,1.1,1.4,1.2,1.3,0
GUERRERO,2020-04-30,nowcast,1.3,1.1,1.4,1.2,1.3,0
GUERRERO,2020-05-01,nowcast,1.3,1.1,1.5,1.2,1.3,0
GUERRERO,2020-05-02,nowcast,1.3,1.1,1.4,1.2,1.3,0
GUERRERO,2020-05-03,nowcast,1.3,1.1,1.4,1.2,1.3,0
GUERRERO,2020-05-04,nowcast,1.3,1.1,1.4,1.2,1.3,0
GUERRERO,2020-05-05,nowcast,1.3,1.1,1.4,1.2,1.3,0
GUERRERO,2020-05-06,nowcast,1.2,1.1,1.4,1.2,1.3,0.01
GUERRERO,2020-05-07,nowcast,1.2,1,1.4,1.1,1.3,0.02
GUERRERO,2020-05-08,nowcast,1.2,1,1.3,1.1,1.2,0.04
GUERRERO,2020-05-09,nowcast,1.2,1,1.3,1.1,1.2,0.03
GUERRERO,2020-05-10,nowcast,1.2,1,1.3,1.1,1.2,0.03
GUERRERO,2020-05-11,nowcast,1.2,1,1.3,1.1,1.2,0.01
GUERRERO,2020-05-12,nowcast,1.2,1,1.4,1.1,1.3,0
GUERRERO,2020-05-13,nowcast,1.2,1.1,1.4,1.2,1.3,0
GUERRERO,2020-05-14,nowcast,1.3,1.1,1.4,1.2,1.3,0
GUERRERO,2020-05-15,nowcast,1.3,1.1,1.5,1.2,1.3,0
GUERRERO,2020-05-16,nowcast,1.3,1.1,1.5,1.2,1.4,0
GUERRERO,2020-05-17,nowcast,1.3,1.1,1.6,1.2,1.4,0.01
GUERRERO,2020-05-18,nowcast,1.3,1.1,1.6,1.2,1.4,0.01
GUERRERO,2020-05-19,forecast,1.3,1.1,1.7,1.2,1.4,0.01
GUERRERO,2020-05-20,forecast,1.3,1.1,1.7,1.2,1.4,0.02
GUERRERO,2020-05-21,forecast,1.3,1,1.7,1.2,1.5,0.03
GUERRERO,2020-05-22,forecast,1.3,1,1.7,1.2,1.5,0.04
GUERRERO,2020-05-23,forecast,1.3,0.9,1.8,1.2,1.5,0.06
GUERRERO,2020-05-24,forecast,1.3,1,1.8,1.2,1.5,0.06
GUERRERO,2020-05-25,forecast,1.3,0.9,1.8,1.1,1.5,0.07
GUERRERO,2020-05-26,forecast,1.3,0.9,1.8,1.1,1.5,0.08
GUERRERO,2020-05-27,forecast,1.3,0.9,1.9,1.1,1.5,0.09
GUERRERO,2020-05-28,forecast,1.3,0.9,1.9,1.1,1.4,0.11
GUERRERO,2020-05-29,forecast,1.3,0.9,1.9,1.1,1.5,0.1
GUERRERO,2020-05-30,forecast,1.3,0.8,1.9,1.1,1.5,0.13
GUERRERO,2020-05-31,forecast,1.3,0.8,1.9,1.1,1.5,0.13
GUERRERO,2020-06-01,forecast,1.3,0.7,1.9,1.1,1.5,0.14
HIDALGO,2020-03-28,nowcast,1.9,1,2.8,1.5,2.2,0.03
HIDALGO,2020-03-29,nowcast,1.8,1.1,2.6,1.5,2.1,0.03
HIDALGO,2020-03-30,nowcast,1.7,1,2.4,1.4,1.9,0.03
HIDALGO,2020-03-31,nowcast,1.6,1,2.2,1.3,1.8,0.04
HIDALGO,2020-04-01,nowcast,1.5,1,2.1,1.3,1.8,0.05
HIDALGO,2020-04-02,nowcast,1.5,1,2,1.3,1.7,0.04
HIDALGO,2020-04-03,nowcast,1.5,1,2,1.3,1.7,0.05
HIDALGO,2020-04-04,nowcast,1.5,1,2,1.2,1.6,0.04
HIDALGO,2020-04-05,nowcast,1.5,1.1,2,1.3,1.7,0.02
HIDALGO,2020-04-06,nowcast,1.5,1.1,2,1.3,1.7,0.02
HIDALGO,2020-04-07,nowcast,1.6,1.1,2,1.4,1.7,0.01
HIDALGO,2020-04-08,nowcast,1.6,1.2,2.1,1.4,1.7,0.01
HIDALGO,2020-04-09,nowcast,1.6,1.2,2.1,1.4,1.8,0
HIDALGO,2020-04-10,nowcast,1.6,1.3,2.1,1.4,1.8,0
HIDALGO,2020-04-11,nowcast,1.6,1.3,2.1,1.5,1.8,0
HIDALGO,2020-04-12,nowcast,1.6,1.3,2,1.5,1.8,0
HIDALGO,2020-04-13,nowcast,1.6,1.3,2,1.4,1.7,0
HIDALGO,2020-04-14,nowcast,1.6,1.3,1.9,1.4,1.7,0
HIDALGO,2020-04-15,nowcast,1.5,1.2,1.8,1.4,1.7,0
HIDALGO,2020-04-16,nowcast,1.5,1.2,1.8,1.4,1.6,0
HIDALGO,2020-04-17,nowcast,1.5,1.2,1.8,1.3,1.5,0
HIDALGO,2020-04-18,nowcast,1.4,1.2,1.7,1.3,1.5,0
HIDALGO,2020-04-19,nowcast,1.4,1.1,1.6,1.3,1.5,0
HIDALGO,2020-04-20,nowcast,1.4,1.1,1.6,1.3,1.5,0
HIDALGO,2020-04-21,nowcast,1.4,1.1,1.6,1.3,1.4,0
HIDALGO,2020-04-22,nowcast,1.3,1.1,1.6,1.2,1.4,0.01
HIDALGO,2020-04-23,nowcast,1.3,1.1,1.5,1.2,1.4,0.01
HIDALGO,2020-04-24,nowcast,1.3,1.1,1.5,1.2,1.4,0
HIDALGO,2020-04-25,nowcast,1.3,1.1,1.5,1.2,1.4,0.01
HIDALGO,2020-04-26,nowcast,1.3,1.1,1.5,1.2,1.4,0
HIDALGO,2020-04-27,nowcast,1.3,1.1,1.5,1.2,1.4,0
HIDALGO,2020-04-28,nowcast,1.3,1.1,1.5,1.2,1.4,0
HIDALGO,2020-04-29,nowcast,1.3,1.1,1.5,1.2,1.4,0
HIDALGO,2020-04-30,nowcast,1.3,1.1,1.5,1.2,1.4,0
HIDALGO,2020-05-01,nowcast,1.3,1.1,1.5,1.2,1.4,0
HIDALGO,2020-05-02,nowcast,1.3,1.1,1.4,1.2,1.3,0
HIDALGO,2020-05-03,nowcast,1.3,1.1,1.4,1.2,1.3,0
HIDALGO,2020-05-04,nowcast,1.3,1.1,1.4,1.2,1.3,0
HIDALGO,2020-05-05,nowcast,1.2,1.1,1.4,1.2,1.3,0
HIDALGO,2020-05-06,nowcast,1.2,1.1,1.4,1.2,1.3,0
HIDALGO,2020-05-07,nowcast,1.2,1.1,1.4,1.2,1.3,0
HIDALGO,2020-05-08,nowcast,1.2,1.1,1.4,1.2,1.3,0
HIDALGO,2020-05-09,nowcast,1.2,1.1,1.4,1.2,1.3,0
HIDALGO,2020-05-10,nowcast,1.2,1.1,1.4,1.2,1.3,0.01
HIDALGO,2020-05-11,nowcast,1.2,1,1.3,1.1,1.2,0.02
HIDALGO,2020-05-12,nowcast,1.2,1,1.3,1.1,1.2,0.04
HIDALGO,2020-05-13,nowcast,1.2,1,1.3,1.1,1.2,0.06
HIDALGO,2020-05-14,nowcast,1.1,1,1.3,1.1,1.2,0.07
HIDALGO,2020-05-15,nowcast,1.1,1,1.3,1.1,1.2,0.08
HIDALGO,2020-05-16,nowcast,1.1,1,1.3,1.1,1.2,0.07
HIDALGO,2020-05-17,nowcast,1.2,0.9,1.4,1.1,1.2,0.08
HIDALGO,2020-05-18,nowcast,1.2,1,1.5,1.1,1.3,0.05
HIDALGO,2020-05-19,forecast,1.2,1,1.5,1.1,1.3,0.09
HIDALGO,2020-05-20,forecast,1.2,0.9,1.5,1.1,1.3,0.12
HIDALGO,2020-05-21,forecast,1.2,0.9,1.5,1,1.3,0.14
HIDALGO,2020-05-22,forecast,1.2,0.8,1.6,1,1.3,0.17
HIDALGO,2020-05-23,forecast,1.2,0.8,1.6,1,1.3,0.19
HIDALGO,2020-05-24,forecast,1.2,0.8,1.6,1,1.3,0.21
HIDALGO,2020-05-25,forecast,1.2,0.8,1.6,1,1.4,0.22
HIDALGO,2020-05-26,forecast,1.2,0.7,1.6,1,1.3,0.23
HIDALGO,2020-05-27,forecast,1.2,0.7,1.6,1,1.3,0.23
HIDALGO,2020-05-28,forecast,1.2,0.7,1.7,1,1.3,0.27
HIDALGO,2020-05-29,forecast,1.2,0.6,1.7,0.9,1.3,0.28
HIDALGO,2020-05-30,forecast,1.2,0.6,1.7,0.9,1.3,0.28
HIDALGO,2020-05-31,forecast,1.2,0.6,1.7,0.9,1.3,0.3
HIDALGO,2020-06-01,forecast,1.1,0.6,1.7,0.9,1.3,0.31
JALISCO,2020-03-28,nowcast,1.7,1.1,2.4,1.4,1.9,0.02
JALISCO,2020-03-29,nowcast,1.5,1,2.1,1.3,1.8,0.05
JALISCO,2020-03-30,nowcast,1.4,0.9,1.9,1.2,1.6,0.08
JALISCO,2020-03-31,nowcast,1.4,1,1.9,1.2,1.6,0.06
JALISCO,2020-04-01,nowcast,1.4,0.9,1.8,1.2,1.5,0.07
JALISCO,2020-04-02,nowcast,1.3,0.9,1.7,1.1,1.5,0.08
JALISCO,2020-04-03,nowcast,1.3,0.9,1.7,1.1,1.4,0.08
JALISCO,2020-04-04,nowcast,1.3,1,1.7,1.1,1.4,0.07
JALISCO,2020-04-05,nowcast,1.3,1,1.7,1.2,1.5,0.05
JALISCO,2020-04-06,nowcast,1.3,1,1.7,1.2,1.5,0.04
JALISCO,2020-04-07,nowcast,1.4,1,1.7,1.2,1.5,0.03
JALISCO,2020-04-08,nowcast,1.4,1,1.7,1.2,1.5,0.02
JALISCO,2020-04-09,nowcast,1.4,1.1,1.8,1.2,1.5,0.02
JALISCO,2020-04-10,nowcast,1.4,1.1,1.7,1.3,1.5,0.02
JALISCO,2020-04-11,nowcast,1.4,1.1,1.7,1.3,1.5,0.01
JALISCO,2020-04-12,nowcast,1.4,1.1,1.7,1.2,1.5,0.01
JALISCO,2020-04-13,nowcast,1.4,1.1,1.7,1.3,1.5,0.01
JALISCO,2020-04-14,nowcast,1.4,1.1,1.7,1.3,1.5,0.01
JALISCO,2020-04-15,nowcast,1.4,1.1,1.7,1.3,1.5,0
JALISCO,2020-04-16,nowcast,1.4,1.1,1.7,1.3,1.5,0.01
JALISCO,2020-04-17,nowcast,1.4,1.1,1.6,1.3,1.5,0.01
JALISCO,2020-04-18,nowcast,1.3,1.1,1.6,1.2,1.4,0.01
JALISCO,2020-04-19,nowcast,1.3,1.1,1.6,1.2,1.4,0.01
JALISCO,2020-04-20,nowcast,1.3,1.1,1.6,1.2,1.4,0.01
JALISCO,2020-04-21,nowcast,1.3,1.1,1.6,1.2,1.4,0.01
JALISCO,2020-04-22,nowcast,1.3,1.1,1.6,1.2,1.4,0.01
JALISCO,2020-04-23,nowcast,1.3,1.1,1.6,1.2,1.4,0
JALISCO,2020-04-24,nowcast,1.3,1.1,1.5,1.2,1.4,0.01
JALISCO,2020-04-25,nowcast,1.3,1.1,1.5,1.2,1.4,0.01
JALISCO,2020-04-26,nowcast,1.3,1.1,1.5,1.2,1.4,0.01
JALISCO,2020-04-27,nowcast,1.3,1.1,1.5,1.2,1.3,0.01
JALISCO,2020-04-28,nowcast,1.3,1.1,1.4,1.2,1.3,0.01
JALISCO,2020-04-29,nowcast,1.2,1,1.4,1.2,1.3,0.02
JALISCO,2020-04-30,nowcast,1.2,1,1.4,1.1,1.3,0.02
JALISCO,2020-05-01,nowcast,1.2,1,1.4,1.1,1.3,0.02
JALISCO,2020-05-02,nowcast,1.2,1,1.4,1.1,1.2,0.01
JALISCO,2020-05-03,nowcast,1.2,1,1.4,1.1,1.2,0.01
JALISCO,2020-05-04,nowcast,1.2,1,1.3,1.1,1.2,0.02
JALISCO,2020-05-05,nowcast,1.2,1,1.3,1.1,1.2,0.02
JALISCO,2020-05-06,nowcast,1.2,1,1.3,1.1,1.2,0.02
JALISCO,2020-05-07,nowcast,1.2,1,1.4,1.1,1.2,0.02
JALISCO,2020-05-08,nowcast,1.2,1,1.3,1.1,1.3,0.02
JALISCO,2020-05-09,nowcast,1.2,1,1.4,1.1,1.3,0.01
JALISCO,2020-05-10,nowcast,1.2,1,1.3,1.1,1.2,0.02
JALISCO,2020-05-11,nowcast,1.2,1.1,1.4,1.1,1.3,0.01
JALISCO,2020-05-12,nowcast,1.2,1,1.4,1.1,1.3,0.01
JALISCO,2020-05-13,nowcast,1.2,1,1.4,1.1,1.3,0.02
JALISCO,2020-05-14,nowcast,1.2,1,1.4,1.1,1.3,0.03
JALISCO,2020-05-15,nowcast,1.2,1,1.4,1.1,1.3,0.03
JALISCO,2020-05-16,nowcast,1.2,1,1.4,1.1,1.3,0.05
JALISCO,2020-05-17,nowcast,1.2,1,1.4,1.1,1.3,0.07
JALISCO,2020-05-18,nowcast,1.2,0.9,1.4,1.1,1.3,0.11
JALISCO,2020-05-19,forecast,1.2,0.9,1.4,1.1,1.3,0.11
JALISCO,2020-05-20,forecast,1.2,0.9,1.5,1.1,1.3,0.14
JALISCO,2020-05-21,forecast,1.2,0.9,1.5,1,1.3,0.16
JALISCO,2020-05-22,forecast,1.2,0.8,1.5,1,1.3,0.19
JALISCO,2020-05-23,forecast,1.2,0.8,1.5,1,1.3,0.21
JALISCO,2020-05-24,forecast,1.2,0.8,1.5,1,1.3,0.23
JALISCO,2020-05-25,forecast,1.2,0.8,1.5,1,1.3,0.24
JALISCO,2020-05-26,forecast,1.1,0.7,1.5,1,1.3,0.26
JALISCO,2020-05-27,forecast,1.1,0.7,1.5,1,1.3,0.27
JALISCO,2020-05-28,forecast,1.1,0.7,1.6,1,1.3,0.27
JALISCO,2020-05-29,forecast,1.1,0.7,1.6,1,1.3,0.28
JALISCO,2020-05-30,forecast,1.1,0.6,1.6,1,1.3,0.29
JALISCO,2020-05-31,forecast,1.1,0.7,1.6,1,1.3,0.3
JALISCO,2020-06-01,forecast,1.1,0.6,1.6,1,1.3,0.32
MEXICO,2020-03-29,nowcast,1.8,1.5,2.2,1.7,2,0
MEXICO,2020-03-30,nowcast,1.7,1.5,2.1,1.6,1.9,0
MEXICO,2020-03-31,nowcast,1.6,1.4,1.9,1.5,1.7,0
MEXICO,2020-04-01,nowcast,1.5,1.3,1.8,1.4,1.6,0
MEXICO,2020-04-02,nowcast,1.5,1.2,1.7,1.3,1.5,0
MEXICO,2020-04-03,nowcast,1.4,1.2,1.6,1.3,1.5,0
MEXICO,2020-04-04,nowcast,1.4,1.2,1.6,1.3,1.4,0
MEXICO,2020-04-05,nowcast,1.4,1.2,1.5,1.3,1.4,0
MEXICO,2020-04-06,nowcast,1.4,1.2,1.5,1.3,1.4,0
MEXICO,2020-04-07,nowcast,1.4,1.2,1.5,1.3,1.4,0
MEXICO,2020-04-08,nowcast,1.4,1.3,1.5,1.3,1.4,0
MEXICO,2020-04-09,nowcast,1.4,1.3,1.5,1.3,1.4,0
MEXICO,2020-04-10,nowcast,1.4,1.3,1.6,1.4,1.5,0
MEXICO,2020-04-11,nowcast,1.4,1.3,1.6,1.4,1.5,0
MEXICO,2020-04-12,nowcast,1.4,1.3,1.6,1.4,1.5,0
MEXICO,2020-04-13,nowcast,1.4,1.3,1.5,1.3,1.5,0
MEXICO,2020-04-14,nowcast,1.4,1.3,1.5,1.3,1.4,0
MEXICO,2020-04-15,nowcast,1.4,1.3,1.5,1.3,1.4,0
MEXICO,2020-04-16,nowcast,1.4,1.2,1.5,1.3,1.4,0
MEXICO,2020-04-17,nowcast,1.3,1.2,1.4,1.3,1.4,0
MEXICO,2020-04-18,nowcast,1.3,1.2,1.4,1.2,1.3,0
MEXICO,2020-04-19,nowcast,1.2,1.1,1.4,1.2,1.3,0
MEXICO,2020-04-20,nowcast,1.2,1.1,1.3,1.2,1.3,0
MEXICO,2020-04-21,nowcast,1.2,1.1,1.3,1.2,1.2,0
MEXICO,2020-04-22,nowcast,1.2,1.1,1.3,1.2,1.2,0
MEXICO,2020-04-23,nowcast,1.2,1.1,1.3,1.2,1.2,0
MEXICO,2020-04-24,nowcast,1.2,1.1,1.3,1.2,1.2,0
MEXICO,2020-04-25,nowcast,1.2,1.1,1.3,1.2,1.2,0
MEXICO,2020-04-26,nowcast,1.2,1.1,1.3,1.1,1.2,0
MEXICO,2020-04-27,nowcast,1.2,1.1,1.3,1.1,1.2,0
MEXICO,2020-04-28,nowcast,1.2,1.1,1.2,1.1,1.2,0
MEXICO,2020-04-29,nowcast,1.2,1.1,1.2,1.1,1.2,0
MEXICO,2020-04-30,nowcast,1.1,1.1,1.2,1.1,1.2,0
MEXICO,2020-05-01,nowcast,1.1,1.1,1.2,1.1,1.2,0
MEXICO,2020-05-02,nowcast,1.1,1.1,1.2,1.1,1.1,0
MEXICO,2020-05-03,nowcast,1.1,1.1,1.2,1.1,1.1,0
MEXICO,2020-05-04,nowcast,1.1,1.1,1.2,1.1,1.1,0
MEXICO,2020-05-05,nowcast,1.1,1.1,1.2,1.1,1.1,0
MEXICO,2020-05-06,nowcast,1.1,1.1,1.2,1.1,1.1,0
MEXICO,2020-05-07,nowcast,1.1,1.1,1.2,1.1,1.2,0
MEXICO,2020-05-08,nowcast,1.1,1.1,1.2,1.1,1.2,0
MEXICO,2020-05-09,nowcast,1.1,1.1,1.2,1.1,1.2,0
MEXICO,2020-05-10,nowcast,1.2,1.1,1.2,1.1,1.2,0
MEXICO,2020-05-11,nowcast,1.2,1.1,1.2,1.1,1.2,0
MEXICO,2020-05-12,nowcast,1.2,1.1,1.3,1.2,1.2,0
MEXICO,2020-05-13,nowcast,1.2,1.1,1.3,1.2,1.2,0
MEXICO,2020-05-14,nowcast,1.2,1.1,1.3,1.2,1.2,0
MEXICO,2020-05-15,nowcast,1.2,1.2,1.3,1.2,1.3,0
MEXICO,2020-05-16,nowcast,1.3,1.2,1.4,1.2,1.3,0
MEXICO,2020-05-17,nowcast,1.3,1.2,1.4,1.3,1.4,0
MEXICO,2020-05-18,nowcast,1.4,1.2,1.5,1.3,1.4,0
MEXICO,2020-05-19,forecast,1.4,1.2,1.5,1.3,1.4,0
MEXICO,2020-05-20,forecast,1.4,1.2,1.5,1.3,1.4,0
MEXICO,2020-05-21,forecast,1.4,1.2,1.6,1.3,1.4,0
MEXICO,2020-05-22,forecast,1.4,1.2,1.6,1.3,1.5,0
MEXICO,2020-05-23,forecast,1.4,1.1,1.6,1.3,1.5,0
MEXICO,2020-05-24,forecast,1.4,1.1,1.6,1.2,1.4,0
MEXICO,2020-05-25,forecast,1.4,1.1,1.7,1.2,1.5,0.01
MEXICO,2020-05-26,forecast,1.4,1.1,1.7,1.3,1.5,0.01
MEXICO,2020-05-27,forecast,1.4,1.1,1.7,1.2,1.5,0.01
MEXICO,2020-05-28,forecast,1.4,1.1,1.8,1.2,1.5,0.02
MEXICO,2020-05-29,forecast,1.4,1,1.7,1.2,1.5,0.02
MEXICO,2020-05-30,forecast,1.4,1,1.8,1.2,1.5,0.03
MEXICO,2020-05-31,forecast,1.4,1,1.8,1.2,1.5,0.03
MEXICO,2020-06-01,forecast,1.4,1,1.8,1.2,1.5,0.04
MICHOACAN,2020-04-04,nowcast,1.6,1.2,2.1,1.4,1.8,0.01
MICHOACAN,2020-04-05,nowcast,1.6,1.2,2.1,1.4,1.8,0.01
MICHOACAN,2020-04-06,nowcast,1.6,1.2,2,1.4,1.7,0.01
MICHOACAN,2020-04-07,nowcast,1.5,1.2,2,1.4,1.7,0.01
MICHOACAN,2020-04-08,nowcast,1.5,1.2,1.9,1.4,1.7,0.01
MICHOACAN,2020-04-09,nowcast,1.5,1.2,1.9,1.4,1.6,0
MICHOACAN,2020-04-10,nowcast,1.5,1.2,1.8,1.3,1.6,0.01
MICHOACAN,2020-04-11,nowcast,1.5,1.1,1.8,1.3,1.6,0.01
MICHOACAN,2020-04-12,nowcast,1.4,1.1,1.7,1.3,1.5,0.01
MICHOACAN,2020-04-13,nowcast,1.4,1.1,1.7,1.3,1.5,0.01
MICHOACAN,2020-04-14,nowcast,1.4,1.1,1.7,1.3,1.5,0.01
MICHOACAN,2020-04-15,nowcast,1.4,1.1,1.6,1.3,1.5,0.01
MICHOACAN,2020-04-16,nowcast,1.4,1.1,1.6,1.3,1.5,0.01
MICHOACAN,2020-04-17,nowcast,1.4,1.1,1.6,1.2,1.4,0
MICHOACAN,2020-04-18,nowcast,1.4,1.1,1.6,1.3,1.4,0
MICHOACAN,2020-04-19,nowcast,1.3,1.1,1.6,1.3,1.4,0
MICHOACAN,2020-04-20,nowcast,1.3,1.1,1.6,1.2,1.4,0
MICHOACAN,2020-04-21,nowcast,1.3,1.1,1.6,1.2,1.4,0
MICHOACAN,2020-04-22,nowcast,1.3,1.1,1.5,1.2,1.4,0
MICHOACAN,2020-04-23,nowcast,1.3,1.1,1.5,1.2,1.4,0.01
MICHOACAN,2020-04-24,nowcast,1.3,1.1,1.5,1.2,1.3,0.01
MICHOACAN,2020-04-25,nowcast,1.2,1,1.4,1.2,1.3,0.02
MICHOACAN,2020-04-26,nowcast,1.2,1,1.4,1.1,1.3,0.02
MICHOACAN,2020-04-27,nowcast,1.2,1,1.4,1.1,1.3,0.02
MICHOACAN,2020-04-28,nowcast,1.2,1.1,1.4,1.2,1.3,0.01
MICHOACAN,2020-04-29,nowcast,1.3,1.1,1.5,1.2,1.3,0
MICHOACAN,2020-04-30,nowcast,1.3,1.1,1.5,1.2,1.4,0
MICHOACAN,2020-05-01,nowcast,1.3,1.1,1.5,1.2,1.4,0
MICHOACAN,2020-05-02,nowcast,1.3,1.1,1.5,1.2,1.4,0
MICHOACAN,2020-05-03,nowcast,1.3,1.1,1.5,1.2,1.4,0
MICHOACAN,2020-05-04,nowcast,1.3,1.2,1.5,1.2,1.4,0
MICHOACAN,2020-05-05,nowcast,1.3,1.2,1.5,1.2,1.4,0
MICHOACAN,2020-05-06,nowcast,1.3,1.2,1.5,1.2,1.4,0
MICHOACAN,2020-05-07,nowcast,1.3,1.2,1.5,1.2,1.4,0
MICHOACAN,2020-05-08,nowcast,1.3,1.2,1.5,1.2,1.4,0
MICHOACAN,2020-05-09,nowcast,1.3,1.1,1.4,1.2,1.3,0
MICHOACAN,2020-05-10,nowcast,1.3,1.1,1.4,1.2,1.3,0
MICHOACAN,2020-05-11,nowcast,1.2,1.1,1.4,1.2,1.3,0.01
MICHOACAN,2020-05-12,nowcast,1.2,1,1.4,1.1,1.3,0.03
MICHOACAN,2020-05-13,nowcast,1.2,1,1.3,1.1,1.2,0.04
MICHOACAN,2020-05-14,nowcast,1.2,1,1.3,1.1,1.2,0.04
MICHOACAN,2020-05-15,nowcast,1.1,1,1.3,1.1,1.2,0.07
MICHOACAN,2020-05-16,nowcast,1.1,1,1.3,1.1,1.2,0.08
MICHOACAN,2020-05-17,nowcast,1.1,1,1.3,1.1,1.2,0.08
MICHOACAN,2020-05-18,nowcast,1.2,0.9,1.4,1.1,1.2,0.09
MICHOACAN,2020-05-19,forecast,1.1,0.9,1.4,1,1.2,0.11
MICHOACAN,2020-05-20,forecast,1.1,0.9,1.4,1,1.2,0.14
MICHOACAN,2020-05-21,forecast,1.1,0.9,1.4,1,1.2,0.17
MICHOACAN,2020-05-22,forecast,1.1,0.9,1.4,1,1.2,0.19
MICHOACAN,2020-05-23,forecast,1.1,0.8,1.4,1,1.2,0.21
MICHOACAN,2020-05-24,forecast,1.1,0.8,1.5,1,1.2,0.24
MICHOACAN,2020-05-25,forecast,1.1,0.8,1.5,1,1.3,0.25
MICHOACAN,2020-05-26,forecast,1.1,0.8,1.5,1,1.2,0.26
MICHOACAN,2020-05-27,forecast,1.1,0.8,1.5,1,1.2,0.29
MICHOACAN,2020-05-28,forecast,1.1,0.7,1.5,1,1.3,0.29
MICHOACAN,2020-05-29,forecast,1.1,0.7,1.5,1,1.3,0.32
MICHOACAN,2020-05-30,forecast,1.1,0.7,1.5,1,1.3,0.31
MICHOACAN,2020-05-31,forecast,1.1,0.7,1.5,0.9,1.3,0.33
MICHOACAN,2020-06-01,forecast,1.1,0.6,1.5,0.9,1.2,0.34
MORELOS,2020-04-02,nowcast,1.7,1.2,2.3,1.5,1.9,0.01
MORELOS,2020-04-03,nowcast,1.6,1.1,2.1,1.4,1.8,0.02
MORELOS,2020-04-04,nowcast,1.6,1.1,2.1,1.3,1.7,0.01
MORELOS,2020-04-05,nowcast,1.6,1.1,2,1.4,1.7,0.01
MORELOS,2020-04-06,nowcast,1.6,1.1,2,1.4,1.7,0.01
MORELOS,2020-04-07,nowcast,1.6,1.2,2,1.4,1.7,0.01
MORELOS,2020-04-08,nowcast,1.6,1.2,2,1.4,1.7,0
MORELOS,2020-04-09,nowcast,1.6,1.2,2,1.4,1.7,0
MORELOS,2020-04-10,nowcast,1.6,1.2,2,1.5,1.7,0
MORELOS,2020-04-11,nowcast,1.6,1.3,2,1.5,1.7,0
MORELOS,2020-04-12,nowcast,1.6,1.3,2,1.5,1.7,0
MORELOS,2020-04-13,nowcast,1.6,1.3,2,1.5,1.8,0
MORELOS,2020-04-14,nowcast,1.6,1.3,2,1.5,1.7,0
MORELOS,2020-04-15,nowcast,1.6,1.4,2,1.5,1.7,0
MORELOS,2020-04-16,nowcast,1.6,1.4,2,1.5,1.7,0
MORELOS,2020-04-17,nowcast,1.6,1.4,1.9,1.5,1.7,0
MORELOS,2020-04-18,nowcast,1.6,1.3,1.9,1.5,1.7,0
MORELOS,2020-04-19,nowcast,1.6,1.3,1.8,1.4,1.6,0
MORELOS,2020-04-20,nowcast,1.5,1.3,1.7,1.4,1.6,0
MORELOS,2020-04-21,nowcast,1.5,1.2,1.7,1.3,1.5,0
MORELOS,2020-04-22,nowcast,1.4,1.2,1.6,1.3,1.5,0
MORELOS,2020-04-23,nowcast,1.4,1.2,1.6,1.3,1.4,0
MORELOS,2020-04-24,nowcast,1.3,1.1,1.5,1.2,1.4,0.01
MORELOS,2020-04-25,nowcast,1.2,1,1.4,1.2,1.3,0.02
MORELOS,2020-04-26,nowcast,1.2,1,1.4,1.1,1.2,0.04
MORELOS,2020-04-27,nowcast,1.1,1,1.3,1.1,1.2,0.08
MORELOS,2020-04-28,nowcast,1.1,0.9,1.2,1,1.2,0.15
MORELOS,2020-04-29,nowcast,1.1,0.9,1.2,1,1.1,0.25
MORELOS,2020-04-30,nowcast,1,0.9,1.2,1,1.1,0.44
MORELOS,2020-05-01,nowcast,1,0.8,1.1,0.9,1,0.64
MORELOS,2020-05-02,nowcast,0.9,0.8,1.1,0.9,1,0.82
MORELOS,2020-05-03,nowcast,0.9,0.8,1,0.9,1,0.9
MORELOS,2020-05-04,nowcast,0.9,0.7,1,0.8,0.9,0.96
MORELOS,2020-05-05,nowcast,0.9,0.7,1,0.8,0.9,0.97
MORELOS,2020-05-06,nowcast,0.9,0.7,1,0.8,0.9,0.98
MORELOS,2020-05-07,nowcast,0.8,0.7,1,0.8,0.9,0.98
MORELOS,2020-05-08,nowcast,0.8,0.7,0.9,0.8,0.9,0.98
MORELOS,2020-05-09,nowcast,0.8,0.7,0.9,0.8,0.9,0.99
MORELOS,2020-05-10,nowcast,0.8,0.6,0.9,0.7,0.8,0.99
MORELOS,2020-05-11,nowcast,0.8,0.6,0.9,0.7,0.8,0.99
MORELOS,2020-05-12,nowcast,0.8,0.6,0.9,0.7,0.8,0.98
MORELOS,2020-05-13,nowcast,0.8,0.6,1,0.7,0.9,0.94
MORELOS,2020-05-14,nowcast,0.9,0.7,1.1,0.8,0.9,0.81
MORELOS,2020-05-15,nowcast,0.9,0.7,1.3,0.8,1,0.62
MORELOS,2020-05-16,nowcast,1,0.7,1.3,0.8,1.1,0.5
MORELOS,2020-05-17,nowcast,1,0.8,1.4,0.9,1.1,0.44
MORELOS,2020-05-18,nowcast,1.1,0.8,1.5,0.9,1.2,0.35
MORELOS,2020-05-19,forecast,1.1,0.7,1.5,0.9,1.2,0.33
MORELOS,2020-05-20,forecast,1.1,0.7,1.6,0.9,1.2,0.34
MORELOS,2020-05-21,forecast,1.1,0.7,1.7,0.9,1.2,0.33
MORELOS,2020-05-22,forecast,1.1,0.6,1.7,0.9,1.3,0.34
MORELOS,2020-05-23,forecast,1.1,0.6,1.8,0.8,1.3,0.34
MORELOS,2020-05-24,forecast,1.1,0.5,1.8,0.8,1.3,0.34
MORELOS,2020-05-25,forecast,1.1,0.5,1.9,0.8,1.3,0.35
MORELOS,2020-05-26,forecast,1.1,0.5,1.9,0.8,1.3,0.35
MORELOS,2020-05-27,forecast,1.1,0.4,2,0.8,1.3,0.35
MORELOS,2020-05-28,forecast,1.1,0.4,2.1,0.7,1.3,0.36
MORELOS,2020-05-29,forecast,1.2,0.4,2.2,0.7,1.3,0.36
MORELOS,2020-05-30,forecast,1.1,0.3,2.3,0.7,1.3,0.37
MORELOS,2020-05-31,forecast,1.2,0.4,2.4,0.7,1.4,0.37
MORELOS,2020-06-01,forecast,1.2,0.3,2.4,0.7,1.4,0.37
NAYARIT,2020-04-18,nowcast,1.5,1.1,2,1.3,1.7,0.02
NAYARIT,2020-04-19,nowcast,1.5,1.1,2,1.3,1.7,0.01
NAYARIT,2020-04-20,nowcast,1.5,1.2,2,1.3,1.7,0.01
NAYARIT,2020-04-21,nowcast,1.6,1.2,2,1.4,1.7,0.01
NAYARIT,2020-04-22,nowcast,1.6,1.2,2,1.4,1.7,0
NAYARIT,2020-04-23,nowcast,1.5,1.2,1.9,1.4,1.7,0
NAYARIT,2020-04-24,nowcast,1.5,1.2,1.9,1.4,1.6,0.01
NAYARIT,2020-04-25,nowcast,1.5,1.2,1.8,1.3,1.6,0.01
NAYARIT,2020-04-26,nowcast,1.4,1.1,1.7,1.3,1.5,0.01
NAYARIT,2020-04-27,nowcast,1.4,1.1,1.7,1.2,1.5,0.02
NAYARIT,2020-04-28,nowcast,1.3,1,1.6,1.2,1.4,0.03
NAYARIT,2020-04-29,nowcast,1.3,1,1.5,1.2,1.4,0.05
NAYARIT,2020-04-30,nowcast,1.2,0.9,1.5,1.1,1.3,0.08
NAYARIT,2020-05-01,nowcast,1.2,0.9,1.4,1.1,1.3,0.12
NAYARIT,2020-05-02,nowcast,1.1,0.9,1.4,1,1.2,0.21
NAYARIT,2020-05-03,nowcast,1,0.8,1.3,1,1.1,0.38
NAYARIT,2020-05-04,nowcast,1,0.8,1.2,0.9,1.1,0.48
NAYARIT,2020-05-05,nowcast,1,0.8,1.2,0.9,1.1,0.53
NAYARIT,2020-05-06,nowcast,1,0.8,1.2,0.9,1.1,0.51
NAYARIT,2020-05-07,nowcast,1,0.8,1.2,0.9,1.1,0.5
NAYARIT,2020-05-08,nowcast,1,0.8,1.3,0.9,1.1,0.43
NAYARIT,2020-05-09,nowcast,1,0.8,1.3,0.9,1.1,0.36
NAYARIT,2020-05-10,nowcast,1.1,0.8,1.3,1,1.1,0.31
NAYARIT,2020-05-11,nowcast,1.1,0.8,1.4,1,1.2,0.26
NAYARIT,2020-05-12,nowcast,1.1,0.9,1.4,1,1.2,0.23
NAYARIT,2020-05-13,nowcast,1.1,0.9,1.4,1,1.2,0.18
NAYARIT,2020-05-14,nowcast,1.2,0.9,1.5,1,1.3,0.13
NAYARIT,2020-05-15,nowcast,1.2,0.9,1.5,1.1,1.3,0.11
NAYARIT,2020-05-16,nowcast,1.2,0.9,1.6,1.1,1.3,0.11
NAYARIT,2020-05-17,nowcast,1.2,0.9,1.6,1.1,1.4,0.11
NAYARIT,2020-05-18,nowcast,1.2,0.8,1.7,1,1.3,0.14
NUEVO LEON,2020-04-04,nowcast,1.6,1.2,2.1,1.4,1.8,0.01
NUEVO LEON,2020-04-05,nowcast,1.5,1.1,2,1.4,1.7,0.01
NUEVO LEON,2020-04-06,nowcast,1.5,1.1,1.9,1.3,1.6,0.02
NUEVO LEON,2020-04-07,nowcast,1.5,1.1,1.9,1.3,1.6,0.01
NUEVO LEON,2020-04-08,nowcast,1.4,1.1,1.8,1.3,1.6,0.01
NUEVO LEON,2020-04-09,nowcast,1.4,1.1,1.8,1.3,1.5,0.01
NUEVO LEON,2020-04-10,nowcast,1.4,1.1,1.7,1.3,1.5,0.01
NUEVO LEON,2020-04-11,nowcast,1.4,1.1,1.7,1.3,1.5,0.01
NUEVO LEON,2020-04-12,nowcast,1.4,1.1,1.7,1.2,1.5,0.01
NUEVO LEON,2020-04-13,nowcast,1.4,1.1,1.7,1.2,1.5,0.01
NUEVO LEON,2020-04-14,nowcast,1.4,1.1,1.6,1.3,1.5,0.01
NUEVO LEON,2020-04-15,nowcast,1.4,1.1,1.6,1.2,1.4,0.01
NUEVO LEON,2020-04-16,nowcast,1.3,1.1,1.6,1.2,1.4,0.01
NUEVO LEON,2020-04-17,nowcast,1.3,1.1,1.6,1.2,1.4,0.01
NUEVO LEON,2020-04-18,nowcast,1.3,1.1,1.5,1.2,1.4,0.02
NUEVO LEON,2020-04-19,nowcast,1.3,1,1.5,1.2,1.3,0.02
NUEVO LEON,2020-04-20,nowcast,1.3,1.1,1.5,1.2,1.3,0.02
NUEVO LEON,2020-04-21,nowcast,1.3,1.1,1.5,1.2,1.4,0.01
NUEVO LEON,2020-04-22,nowcast,1.3,1.1,1.5,1.2,1.4,0.01
NUEVO LEON,2020-04-23,nowcast,1.3,1.1,1.5,1.2,1.4,0
NUEVO LEON,2020-04-24,nowcast,1.3,1.1,1.5,1.2,1.4,0
NUEVO LEON,2020-04-25,nowcast,1.3,1.1,1.5,1.2,1.4,0
NUEVO LEON,2020-04-26,nowcast,1.3,1.1,1.5,1.2,1.3,0.01
NUEVO LEON,2020-04-27,nowcast,1.2,1.1,1.4,1.2,1.3,0.02
NUEVO LEON,2020-04-28,nowcast,1.2,1,1.4,1.1,1.3,0.04
NUEVO LEON,2020-04-29,nowcast,1.2,1,1.4,1.1,1.2,0.03
NUEVO LEON,2020-04-30,nowcast,1.2,1,1.3,1.1,1.2,0.05
NUEVO LEON,2020-05-01,nowcast,1.1,1,1.3,1.1,1.2,0.09
NUEVO LEON,2020-05-02,nowcast,1.1,0.9,1.3,1,1.2,0.15
NUEVO LEON,2020-05-03,nowcast,1.1,0.9,1.2,1,1.1,0.22
NUEVO LEON,2020-05-04,nowcast,1.1,0.9,1.2,1,1.1,0.22
NUEVO LEON,2020-05-05,nowcast,1.1,0.9,1.2,1,1.1,0.15
NUEVO LEON,2020-05-06,nowcast,1.1,1,1.3,1,1.1,0.11
NUEVO LEON,2020-05-07,nowcast,1.1,1,1.3,1.1,1.2,0.08
NUEVO LEON,2020-05-08,nowcast,1.1,1,1.3,1.1,1.2,0.04
NUEVO LEON,2020-05-09,nowcast,1.2,1,1.3,1.1,1.2,0.03
NUEVO LEON,2020-05-10,nowcast,1.2,1,1.3,1.1,1.2,0.03
NUEVO LEON,2020-05-11,nowcast,1.2,1,1.3,1.1,1.2,0.03
NUEVO LEON,2020-05-12,nowcast,1.2,1,1.3,1.1,1.2,0.04
NUEVO LEON,2020-05-13,nowcast,1.2,1,1.3,1.1,1.2,0.08
NUEVO LEON,2020-05-14,nowcast,1.1,0.9,1.3,1.1,1.2,0.15
NUEVO LEON,2020-05-15,nowcast,1.1,0.9,1.3,1,1.2,0.28
NUEVO LEON,2020-05-16,nowcast,1,0.8,1.2,1,1.1,0.34
NUEVO LEON,2020-05-17,nowcast,1.1,0.9,1.3,1,1.1,0.29
NUEVO LEON,2020-05-18,nowcast,1.1,0.9,1.4,1,1.2,0.25
NUEVO LEON,2020-05-19,forecast,1.1,0.8,1.4,1,1.2,0.28
NUEVO LEON,2020-05-20,forecast,1.1,0.8,1.4,1,1.2,0.3
NUEVO LEON,2020-05-21,forecast,1.1,0.8,1.5,0.9,1.2,0.32
NUEVO LEON,2020-05-22,forecast,1.1,0.7,1.4,0.9,1.2,0.35
NUEVO LEON,2020-05-23,forecast,1.1,0.7,1.4,0.9,1.2,0.36
NUEVO LEON,2020-05-24,forecast,1.1,0.7,1.5,0.9,1.2,0.37
NUEVO LEON,2020-05-25,forecast,1.1,0.7,1.5,0.9,1.2,0.39
NUEVO LEON,2020-05-26,forecast,1.1,0.6,1.4,0.9,1.2,0.39
NUEVO LEON,2020-05-27,forecast,1.1,0.7,1.5,0.9,1.2,0.4
NUEVO LEON,2020-05-28,forecast,1,0.6,1.5,0.9,1.2,0.42
NUEVO LEON,2020-05-29,forecast,1,0.6,1.6,0.9,1.2,0.43
NUEVO LEON,2020-05-30,forecast,1,0.6,1.6,0.8,1.2,0.44
NUEVO LEON,2020-05-31,forecast,1,0.6,1.6,0.8,1.2,0.44
NUEVO LEON,2020-06-01,forecast,1,0.5,1.5,0.8,1.2,0.46
OAXACA,2020-04-02,nowcast,1.7,1,2.5,1.3,1.9,0.04
OAXACA,2020-04-03,nowcast,1.5,0.8,2.3,1.2,1.8,0.09
OAXACA,2020-04-04,nowcast,1.4,0.8,2.1,1.1,1.6,0.11
OAXACA,2020-04-05,nowcast,1.3,0.8,1.9,1,1.5,0.16
OAXACA,2020-04-06,nowcast,1.4,0.8,1.9,1.1,1.6,0.11
OAXACA,2020-04-07,nowcast,1.4,0.9,1.9,1.1,1.6,0.1
OAXACA,2020-04-08,nowcast,1.4,0.9,2,1.2,1.6,0.06
OAXACA,2020-04-09,nowcast,1.5,1,2,1.2,1.6,0.04
OAXACA,2020-04-10,nowcast,1.5,1,2.1,1.3,1.7,0.03
OAXACA,2020-04-11,nowcast,1.5,1.1,2,1.3,1.7,0.02
OAXACA,2020-04-12,nowcast,1.5,1.1,2,1.3,1.7,0.03
OAXACA,2020-04-13,nowcast,1.5,1.1,2,1.3,1.7,0.03
OAXACA,2020-04-14,nowcast,1.5,1,1.9,1.3,1.6,0.03
OAXACA,2020-04-15,nowcast,1.5,1.1,1.9,1.3,1.6,0.02
OAXACA,2020-04-16,nowcast,1.4,1,1.8,1.3,1.6,0.02
OAXACA,2020-04-17,nowcast,1.4,1,1.8,1.3,1.6,0.02
OAXACA,2020-04-18,nowcast,1.4,1.1,1.8,1.3,1.6,0.02
OAXACA,2020-04-19,nowcast,1.4,1.1,1.8,1.3,1.5,0.02
OAXACA,2020-04-20,nowcast,1.4,1.1,1.8,1.3,1.5,0.02
OAXACA,2020-04-21,nowcast,1.4,1.1,1.7,1.2,1.5,0.02
OAXACA,2020-04-22,nowcast,1.4,1.1,1.7,1.3,1.5,0.01
OAXACA,2020-04-23,nowcast,1.4,1.1,1.7,1.3,1.5,0.01
OAXACA,2020-04-24,nowcast,1.4,1.1,1.7,1.3,1.5,0
OAXACA,2020-04-25,nowcast,1.4,1.2,1.7,1.3,1.5,0
OAXACA,2020-04-26,nowcast,1.5,1.2,1.7,1.3,1.5,0
OAXACA,2020-04-27,nowcast,1.5,1.2,1.7,1.3,1.6,0
OAXACA,2020-04-28,nowcast,1.5,1.2,1.8,1.4,1.6,0
OAXACA,2020-04-29,nowcast,1.5,1.3,1.8,1.4,1.6,0
OAXACA,2020-04-30,nowcast,1.5,1.3,1.8,1.4,1.6,0
OAXACA,2020-05-01,nowcast,1.6,1.3,1.8,1.5,1.7,0
OAXACA,2020-05-02,nowcast,1.6,1.4,1.9,1.5,1.7,0
OAXACA,2020-05-03,nowcast,1.6,1.4,1.9,1.5,1.7,0
OAXACA,2020-05-04,nowcast,1.6,1.4,1.9,1.5,1.7,0
OAXACA,2020-05-05,nowcast,1.6,1.4,1.9,1.5,1.7,0
OAXACA,2020-05-06,nowcast,1.6,1.4,1.9,1.5,1.7,0
OAXACA,2020-05-07,nowcast,1.6,1.4,1.9,1.5,1.7,0
OAXACA,2020-05-08,nowcast,1.6,1.3,1.8,1.5,1.7,0
OAXACA,2020-05-09,nowcast,1.5,1.3,1.8,1.4,1.6,0
OAXACA,2020-05-10,nowcast,1.5,1.2,1.7,1.4,1.5,0
OAXACA,2020-05-11,nowcast,1.4,1.2,1.6,1.3,1.5,0
OAXACA,2020-05-12,nowcast,1.3,1.1,1.5,1.2,1.4,0.01
OAXACA,2020-05-13,nowcast,1.2,1,1.4,1.1,1.3,0.07
OAXACA,2020-05-14,nowcast,1.1,0.9,1.3,1,1.1,0.32
OAXACA,2020-05-15,nowcast,1,0.8,1.2,0.9,1.1,0.56
OAXACA,2020-05-16,nowcast,1,0.8,1.1,0.9,1,0.65
OAXACA,2020-05-17,nowcast,0.9,0.7,1.1,0.9,1,0.73
OAXACA,2020-05-18,nowcast,0.9,0.7,1.1,0.8,1,0.8
OAXACA,2020-05-19,forecast,0.9,0.6,1.2,0.8,1,0.76
OAXACA,2020-05-20,forecast,0.9,0.5,1.2,0.7,1,0.74
OAXACA,2020-05-21,forecast,0.9,0.5,1.2,0.7,1,0.73
OAXACA,2020-05-22,forecast,0.9,0.4,1.3,0.7,1,0.73
OAXACA,2020-05-23,forecast,0.9,0.4,1.3,0.7,1,0.72
OAXACA,2020-05-24,forecast,0.8,0.3,1.3,0.7,1.1,0.71
OAXACA,2020-05-25,forecast,0.8,0.3,1.4,0.6,1.1,0.7
OAXACA,2020-05-26,forecast,0.8,0.2,1.4,0.6,1.1,0.7
OAXACA,2020-05-27,forecast,0.8,0.2,1.4,0.6,1.1,0.7
OAXACA,2020-05-28,forecast,0.8,0.1,1.4,0.5,1.1,0.68
OAXACA,2020-05-29,forecast,0.8,0,1.3,0.6,1.1,0.69
OAXACA,2020-05-30,forecast,0.8,0,1.3,0.5,1.1,0.69
OAXACA,2020-05-31,forecast,0.8,0,1.4,0.5,1.1,0.68
OAXACA,2020-06-01,forecast,0.8,0,1.4,0.5,1.1,0.69
PUEBLA,2020-03-29,nowcast,1.7,1.3,2.1,1.5,1.8,0
PUEBLA,2020-03-30,nowcast,1.6,1.2,2,1.4,1.7,0.01
PUEBLA,2020-03-31,nowcast,1.4,1.1,1.8,1.3,1.6,0.02
PUEBLA,2020-04-01,nowcast,1.3,1,1.7,1.2,1.5,0.04
PUEBLA,2020-04-02,nowcast,1.3,1,1.5,1.1,1.4,0.06
PUEBLA,2020-04-03,nowcast,1.2,1,1.5,1.1,1.3,0.09
PUEBLA,2020-04-04,nowcast,1.2,0.9,1.4,1.1,1.3,0.09
PUEBLA,2020-04-05,nowcast,1.2,0.9,1.4,1.1,1.3,0.11
PUEBLA,2020-04-06,nowcast,1.1,0.9,1.4,1.1,1.2,0.13
PUEBLA,2020-04-07,nowcast,1.1,0.9,1.3,1,1.2,0.13
PUEBLA,2020-04-08,nowcast,1.1,1,1.4,1.1,1.2,0.11
PUEBLA,2020-04-09,nowcast,1.2,1,1.4,1.1,1.2,0.07
PUEBLA,2020-04-10,nowcast,1.2,1,1.4,1.1,1.3,0.04
PUEBLA,2020-04-11,nowcast,1.2,1,1.5,1.1,1.3,0.02
PUEBLA,2020-04-12,nowcast,1.3,1.1,1.5,1.2,1.3,0.01
PUEBLA,2020-04-13,nowcast,1.3,1.1,1.5,1.2,1.4,0
PUEBLA,2020-04-14,nowcast,1.3,1.1,1.6,1.3,1.4,0
PUEBLA,2020-04-15,nowcast,1.4,1.2,1.6,1.3,1.4,0
PUEBLA,2020-04-16,nowcast,1.4,1.2,1.6,1.3,1.4,0
PUEBLA,2020-04-17,nowcast,1.4,1.2,1.6,1.3,1.5,0
PUEBLA,2020-04-18,nowcast,1.4,1.2,1.5,1.3,1.4,0
PUEBLA,2020-04-19,nowcast,1.3,1.2,1.5,1.3,1.4,0
PUEBLA,2020-04-20,nowcast,1.3,1.1,1.5,1.2,1.4,0
PUEBLA,2020-04-21,nowcast,1.3,1.1,1.4,1.2,1.3,0
PUEBLA,2020-04-22,nowcast,1.2,1.1,1.4,1.2,1.3,0.01
PUEBLA,2020-04-23,nowcast,1.2,1.1,1.4,1.1,1.3,0.01
PUEBLA,2020-04-24,nowcast,1.2,1,1.4,1.1,1.3,0.02
PUEBLA,2020-04-25,nowcast,1.2,1,1.3,1.1,1.2,0.02
PUEBLA,2020-04-26,nowcast,1.2,1,1.3,1.1,1.2,0.03
PUEBLA,2020-04-27,nowcast,1.1,1,1.3,1.1,1.2,0.04
PUEBLA,2020-04-28,nowcast,1.1,1,1.3,1.1,1.2,0.06
PUEBLA,2020-04-29,nowcast,1.1,1,1.2,1.1,1.2,0.06
PUEBLA,2020-04-30,nowcast,1.1,1,1.3,1.1,1.2,0.05
PUEBLA,2020-05-01,nowcast,1.1,1,1.3,1.1,1.2,0.03
PUEBLA,2020-05-02,nowcast,1.2,1,1.3,1.1,1.2,0.02
PUEBLA,2020-05-03,nowcast,1.2,1,1.3,1.1,1.2,0.01
PUEBLA,2020-05-04,nowcast,1.2,1.1,1.3,1.1,1.2,0
PUEBLA,2020-05-05,nowcast,1.2,1.1,1.4,1.2,1.3,0
PUEBLA,2020-05-06,nowcast,1.2,1.1,1.4,1.2,1.3,0
PUEBLA,2020-05-07,nowcast,1.3,1.1,1.4,1.2,1.3,0
PUEBLA,2020-05-08,nowcast,1.3,1.1,1.4,1.2,1.3,0
PUEBLA,2020-05-09,nowcast,1.3,1.2,1.4,1.2,1.3,0
PUEBLA,2020-05-10,nowcast,1.3,1.2,1.4,1.2,1.3,0
PUEBLA,2020-05-11,nowcast,1.3,1.2,1.4,1.2,1.3,0
PUEBLA,2020-05-12,nowcast,1.3,1.2,1.4,1.2,1.3,0
PUEBLA,2020-05-13,nowcast,1.3,1.2,1.4,1.2,1.3,0
PUEBLA,2020-05-14,nowcast,1.3,1.1,1.4,1.2,1.3,0
PUEBLA,2020-05-15,nowcast,1.3,1.1,1.4,1.2,1.3,0.01
PUEBLA,2020-05-16,nowcast,1.3,1.1,1.4,1.2,1.3,0.01
PUEBLA,2020-05-17,nowcast,1.3,1.1,1.4,1.2,1.3,0.01
PUEBLA,2020-05-18,nowcast,1.3,1.1,1.5,1.2,1.3,0.01
PUEBLA,2020-05-19,forecast,1.3,1,1.5,1.2,1.3,0.02
PUEBLA,2020-05-20,forecast,1.3,1,1.5,1.2,1.4,0.03
PUEBLA,2020-05-21,forecast,1.3,1,1.5,1.1,1.4,0.05
PUEBLA,2020-05-22,forecast,1.3,1,1.6,1.1,1.4,0.07
PUEBLA,2020-05-23,forecast,1.3,1,1.6,1.1,1.4,0.08
PUEBLA,2020-05-24,forecast,1.2,0.9,1.6,1.1,1.4,0.1
PUEBLA,2020-05-25,forecast,1.3,0.9,1.6,1.1,1.4,0.12
PUEBLA,2020-05-26,forecast,1.3,0.9,1.7,1.1,1.4,0.13
PUEBLA,2020-05-27,forecast,1.2,0.8,1.7,1.1,1.4,0.15
PUEBLA,2020-05-28,forecast,1.2,0.8,1.7,1.1,1.4,0.16
PUEBLA,2020-05-29,forecast,1.2,0.8,1.7,1,1.4,0.18
PUEBLA,2020-05-30,forecast,1.2,0.8,1.7,1,1.4,0.2
PUEBLA,2020-05-31,forecast,1.2,0.8,1.8,1,1.4,0.2
PUEBLA,2020-06-01,forecast,1.2,0.7,1.8,1,1.4,0.22
QUERETARO,2020-04-02,nowcast,1.4,0.8,2,1.1,1.6,0.14
QUERETARO,2020-04-03,nowcast,1.3,0.7,1.8,1,1.5,0.17
QUERETARO,2020-04-04,nowcast,1.2,0.7,1.8,1,1.4,0.23
QUERETARO,2020-04-05,nowcast,1.2,0.7,1.7,0.9,1.3,0.26
QUERETARO,2020-04-06,nowcast,1.1,0.7,1.6,0.9,1.3,0.3
QUERETARO,2020-04-07,nowcast,1.2,0.8,1.7,1,1.4,0.21
QUERETARO,2020-04-08,nowcast,1.2,0.8,1.7,1,1.4,0.17
QUERETARO,2020-04-09,nowcast,1.3,0.8,1.7,1.1,1.4,0.15
QUERETARO,2020-04-10,nowcast,1.3,0.8,1.8,1.1,1.4,0.16
QUERETARO,2020-04-11,nowcast,1.2,0.8,1.7,1,1.4,0.18
QUERETARO,2020-04-12,nowcast,1.3,0.8,1.7,1.1,1.4,0.15
QUERETARO,2020-04-13,nowcast,1.3,0.9,1.8,1.1,1.4,0.1
QUERETARO,2020-04-14,nowcast,1.3,0.9,1.7,1.1,1.5,0.09
QUERETARO,2020-04-15,nowcast,1.4,0.9,1.8,1.2,1.5,0.06
QUERETARO,2020-04-16,nowcast,1.4,1,1.9,1.2,1.5,0.05
QUERETARO,2020-04-17,nowcast,1.4,1,1.9,1.2,1.5,0.03
QUERETARO,2020-04-18,nowcast,1.4,1.1,1.9,1.2,1.6,0.03
QUERETARO,2020-04-19,nowcast,1.4,1,1.8,1.2,1.6,0.03
QUERETARO,2020-04-20,nowcast,1.4,1,1.8,1.2,1.5,0.02
QUERETARO,2020-04-21,nowcast,1.4,1.1,1.8,1.2,1.5,0.02
QUERETARO,2020-04-22,nowcast,1.4,1,1.8,1.2,1.5,0.02
QUERETARO,2020-04-23,nowcast,1.4,1.1,1.8,1.3,1.5,0.01
QUERETARO,2020-04-24,nowcast,1.4,1.1,1.8,1.3,1.6,0.01
QUERETARO,2020-04-25,nowcast,1.5,1.2,1.8,1.3,1.6,0.01
QUERETARO,2020-04-26,nowcast,1.5,1.2,1.8,1.3,1.6,0
QUERETARO,2020-04-27,nowcast,1.5,1.2,1.8,1.3,1.6,0
QUERETARO,2020-04-28,nowcast,1.5,1.2,1.8,1.4,1.6,0
QUERETARO,2020-04-29,nowcast,1.5,1.2,1.8,1.4,1.6,0
QUERETARO,2020-04-30,nowcast,1.5,1.3,1.8,1.4,1.6,0
QUERETARO,2020-05-01,nowcast,1.5,1.3,1.8,1.4,1.6,0
QUERETARO,2020-05-02,nowcast,1.5,1.3,1.8,1.4,1.6,0
QUERETARO,2020-05-03,nowcast,1.5,1.2,1.8,1.4,1.6,0
QUERETARO,2020-05-04,nowcast,1.5,1.2,1.7,1.4,1.6,0
QUERETARO,2020-05-05,nowcast,1.4,1.2,1.7,1.3,1.5,0
QUERETARO,2020-05-06,nowcast,1.4,1.2,1.6,1.3,1.5,0
QUERETARO,2020-05-07,nowcast,1.4,1.2,1.6,1.3,1.5,0
QUERETARO,2020-05-08,nowcast,1.3,1.1,1.5,1.2,1.4,0.01
QUERETARO,2020-05-09,nowcast,1.3,1.1,1.5,1.2,1.3,0.02
QUERETARO,2020-05-10,nowcast,1.2,1,1.5,1.2,1.3,0.03
QUERETARO,2020-05-11,nowcast,1.2,1,1.4,1.1,1.3,0.04
QUERETARO,2020-05-12,nowcast,1.2,1,1.4,1.1,1.3,0.07
QUERETARO,2020-05-13,nowcast,1.2,1,1.4,1.1,1.3,0.09
QUERETARO,2020-05-14,nowcast,1.1,0.9,1.3,1,1.2,0.15
QUERETARO,2020-05-15,nowcast,1.1,0.9,1.3,1,1.2,0.26
QUERETARO,2020-05-16,nowcast,1,0.8,1.3,1,1.1,0.38
QUERETARO,2020-05-17,nowcast,1,0.8,1.2,0.9,1.1,0.47
QUERETARO,2020-05-18,nowcast,1,0.7,1.2,0.9,1.1,0.48
QUERETARO,2020-05-19,forecast,1,0.6,1.3,0.9,1.1,0.5
QUERETARO,2020-05-20,forecast,1,0.6,1.3,0.9,1.1,0.52
QUERETARO,2020-05-21,forecast,1,0.6,1.4,0.8,1.1,0.54
QUERETARO,2020-05-22,forecast,1,0.5,1.4,0.8,1.1,0.54
QUERETARO,2020-05-23,forecast,1,0.5,1.4,0.8,1.2,0.54
QUERETARO,2020-05-24,forecast,1,0.5,1.4,0.8,1.1,0.55
QUERETARO,2020-05-25,forecast,1,0.4,1.5,0.8,1.2,0.56
QUERETARO,2020-05-26,forecast,1,0.4,1.5,0.8,1.2,0.56
QUERETARO,2020-05-27,forecast,0.9,0.4,1.5,0.7,1.1,0.56
QUERETARO,2020-05-28,forecast,0.9,0.3,1.5,0.7,1.2,0.56
QUERETARO,2020-05-29,forecast,1,0.3,1.6,0.7,1.2,0.55
QUERETARO,2020-05-30,forecast,0.9,0.3,1.6,0.7,1.2,0.57
QUERETARO,2020-05-31,forecast,0.9,0.3,1.6,0.7,1.2,0.56
QUERETARO,2020-06-01,forecast,0.9,0.2,1.6,0.7,1.3,0.56
QUINTANA ROO,2020-03-28,nowcast,1.9,1.4,2.3,1.7,2.1,0
QUINTANA ROO,2020-03-29,nowcast,1.7,1.3,2.2,1.6,1.9,0
QUINTANA ROO,2020-03-30,nowcast,1.6,1.3,2,1.4,1.7,0
QUINTANA ROO,2020-03-31,nowcast,1.5,1.2,1.9,1.4,1.6,0
QUINTANA ROO,2020-04-01,nowcast,1.4,1.1,1.7,1.3,1.5,0.01
QUINTANA ROO,2020-04-02,nowcast,1.3,1,1.6,1.2,1.4,0.03
QUINTANA ROO,2020-04-03,nowcast,1.3,1,1.5,1.2,1.4,0.03
QUINTANA ROO,2020-04-04,nowcast,1.3,1,1.5,1.2,1.4,0.04
QUINTANA ROO,2020-04-05,nowcast,1.2,1,1.4,1.1,1.3,0.03
QUINTANA ROO,2020-04-06,nowcast,1.2,1,1.4,1.1,1.3,0.03
QUINTANA ROO,2020-04-07,nowcast,1.2,1,1.4,1.1,1.3,0.03
QUINTANA ROO,2020-04-08,nowcast,1.2,1,1.4,1.1,1.3,0.02
QUINTANA ROO,2020-04-09,nowcast,1.2,1.1,1.4,1.2,1.3,0.01
QUINTANA ROO,2020-04-10,nowcast,1.3,1.1,1.5,1.2,1.3,0
QUINTANA ROO,2020-04-11,nowcast,1.3,1.1,1.5,1.2,1.4,0
QUINTANA ROO,2020-04-12,nowcast,1.3,1.1,1.5,1.2,1.4,0
QUINTANA ROO,2020-04-13,nowcast,1.3,1.2,1.6,1.3,1.4,0
QUINTANA ROO,2020-04-14,nowcast,1.3,1.2,1.5,1.3,1.4,0
QUINTANA ROO,2020-04-15,nowcast,1.3,1.1,1.5,1.2,1.4,0
QUINTANA ROO,2020-04-16,nowcast,1.3,1.1,1.5,1.2,1.3,0.01
QUINTANA ROO,2020-04-17,nowcast,1.2,1,1.4,1.1,1.3,0.02
QUINTANA ROO,2020-04-18,nowcast,1.2,1,1.3,1.1,1.3,0.06
QUINTANA ROO,2020-04-19,nowcast,1.1,1,1.3,1.1,1.2,0.11
QUINTANA ROO,2020-04-20,nowcast,1.1,0.9,1.2,1,1.1,0.22
QUINTANA ROO,2020-04-21,nowcast,1,0.9,1.2,1,1.1,0.35
QUINTANA ROO,2020-04-22,nowcast,1,0.9,1.1,0.9,1.1,0.53
QUINTANA ROO,2020-04-23,nowcast,1,0.8,1.1,0.9,1,0.68
QUINTANA ROO,2020-04-24,nowcast,0.9,0.8,1.1,0.9,1,0.8
QUINTANA ROO,2020-04-25,nowcast,0.9,0.8,1,0.9,1,0.88
QUINTANA ROO,2020-04-26,nowcast,0.9,0.7,1,0.8,0.9,0.94
QUINTANA ROO,2020-04-27,nowcast,0.9,0.7,1,0.8,0.9,0.97
QUINTANA ROO,2020-04-28,nowcast,0.9,0.7,1,0.8,0.9,0.97
QUINTANA ROO,2020-04-29,nowcast,0.9,0.8,1,0.8,0.9,0.93
QUINTANA ROO,2020-04-30,nowcast,0.9,0.8,1.1,0.8,0.9,0.83
QUINTANA ROO,2020-05-01,nowcast,0.9,0.8,1.1,0.9,1,0.7
QUINTANA ROO,2020-05-02,nowcast,1,0.8,1.2,0.9,1,0.54
QUINTANA ROO,2020-05-03,nowcast,1,0.9,1.2,1,1.1,0.36
QUINTANA ROO,2020-05-04,nowcast,1.1,0.9,1.2,1,1.1,0.25
QUINTANA ROO,2020-05-05,nowcast,1.1,0.9,1.2,1,1.1,0.2
QUINTANA ROO,2020-05-06,nowcast,1.1,0.9,1.2,1,1.1,0.13
QUINTANA ROO,2020-05-07,nowcast,1.1,1,1.3,1,1.2,0.1
QUINTANA ROO,2020-05-08,nowcast,1.1,1,1.2,1.1,1.2,0.09
QUINTANA ROO,2020-05-09,nowcast,1.1,1,1.3,1.1,1.2,0.09
QUINTANA ROO,2020-05-10,nowcast,1.1,1,1.3,1,1.2,0.11
QUINTANA ROO,2020-05-11,nowcast,1.1,1,1.3,1.1,1.2,0.09
QUINTANA ROO,2020-05-12,nowcast,1.1,1,1.3,1.1,1.2,0.07
QUINTANA ROO,2020-05-13,nowcast,1.2,1,1.3,1.1,1.2,0.05
QUINTANA ROO,2020-05-14,nowcast,1.2,1,1.4,1.1,1.2,0.04
QUINTANA ROO,2020-05-15,nowcast,1.2,1,1.4,1.1,1.2,0.04
QUINTANA ROO,2020-05-16,nowcast,1.2,1,1.4,1.1,1.2,0.05
QUINTANA ROO,2020-05-17,nowcast,1.1,0.9,1.4,1.1,1.2,0.14
QUINTANA ROO,2020-05-18,nowcast,1.1,0.8,1.3,1,1.2,0.29
QUINTANA ROO,2020-05-19,forecast,1.1,0.8,1.4,1,1.2,0.31
QUINTANA ROO,2020-05-20,forecast,1.1,0.7,1.4,1,1.2,0.33
QUINTANA ROO,2020-05-21,forecast,1.1,0.7,1.4,0.9,1.2,0.36
QUINTANA ROO,2020-05-22,forecast,1.1,0.7,1.4,0.9,1.2,0.4
QUINTANA ROO,2020-05-23,forecast,1.1,0.6,1.4,0.9,1.2,0.41
QUINTANA ROO,2020-05-24,forecast,1.1,0.6,1.5,0.9,1.2,0.42
QUINTANA ROO,2020-05-25,forecast,1,0.6,1.5,0.8,1.2,0.43
QUINTANA ROO,2020-05-26,forecast,1,0.6,1.5,0.9,1.3,0.43
QUINTANA ROO,2020-05-27,forecast,1,0.5,1.5,0.8,1.2,0.45
QUINTANA ROO,2020-05-28,forecast,1,0.5,1.5,0.8,1.3,0.47
QUINTANA ROO,2020-05-29,forecast,1,0.4,1.5,0.8,1.2,0.48
QUINTANA ROO,2020-05-30,forecast,1,0.4,1.6,0.8,1.2,0.49
QUINTANA ROO,2020-05-31,forecast,1,0.4,1.6,0.7,1.2,0.48
QUINTANA ROO,2020-06-01,forecast,1,0.4,1.6,0.8,1.2,0.48
SAN LUIS POTOSI,2020-04-18,nowcast,1.7,1.3,2.3,1.5,1.9,0
SAN LUIS POTOSI,2020-04-19,nowcast,1.8,1.3,2.2,1.6,1.9,0
SAN LUIS POTOSI,2020-04-20,nowcast,1.7,1.3,2.2,1.5,1.9,0
SAN LUIS POTOSI,2020-04-21,nowcast,1.7,1.3,2.2,1.5,1.9,0
SAN LUIS POTOSI,2020-04-22,nowcast,1.7,1.3,2.1,1.5,1.9,0
SAN LUIS POTOSI,2020-04-23,nowcast,1.6,1.3,2,1.4,1.8,0
SAN LUIS POTOSI,2020-04-24,nowcast,1.6,1.2,2,1.4,1.7,0
SAN LUIS POTOSI,2020-04-25,nowcast,1.5,1.2,1.9,1.4,1.7,0
SAN LUIS POTOSI,2020-04-26,nowcast,1.5,1.2,1.8,1.4,1.6,0.01
SAN LUIS POTOSI,2020-04-27,nowcast,1.4,1.1,1.7,1.3,1.6,0
SAN LUIS POTOSI,2020-04-28,nowcast,1.4,1.1,1.7,1.3,1.5,0
SAN LUIS POTOSI,2020-04-29,nowcast,1.4,1.1,1.7,1.3,1.5,0.01
SAN LUIS POTOSI,2020-04-30,nowcast,1.4,1.1,1.6,1.3,1.5,0.01
SAN LUIS POTOSI,2020-05-01,nowcast,1.3,1.1,1.6,1.2,1.4,0.01
SAN LUIS POTOSI,2020-05-02,nowcast,1.3,1.1,1.5,1.2,1.4,0.01
SAN LUIS POTOSI,2020-05-03,nowcast,1.3,1.1,1.5,1.2,1.4,0.01
SAN LUIS POTOSI,2020-05-04,nowcast,1.3,1.1,1.5,1.2,1.4,0.01
SAN LUIS POTOSI,2020-05-05,nowcast,1.3,1.1,1.5,1.2,1.3,0.01
SAN LUIS POTOSI,2020-05-06,nowcast,1.2,1,1.5,1.2,1.3,0.02
SAN LUIS POTOSI,2020-05-07,nowcast,1.2,1,1.4,1.1,1.3,0.02
SAN LUIS POTOSI,2020-05-08,nowcast,1.2,1,1.4,1.1,1.3,0.04
SAN LUIS POTOSI,2020-05-09,nowcast,1.2,1,1.4,1.1,1.3,0.06
SAN LUIS POTOSI,2020-05-10,nowcast,1.2,1,1.3,1.1,1.2,0.08
SAN LUIS POTOSI,2020-05-11,nowcast,1.1,1,1.3,1.1,1.2,0.09
SAN LUIS POTOSI,2020-05-12,nowcast,1.1,1,1.3,1,1.2,0.09
SAN LUIS POTOSI,2020-05-13,nowcast,1.1,1,1.3,1.1,1.2,0.08
SAN LUIS POTOSI,2020-05-14,nowcast,1.2,1,1.4,1.1,1.2,0.08
SAN LUIS POTOSI,2020-05-15,nowcast,1.2,1,1.4,1.1,1.3,0.06
SAN LUIS POTOSI,2020-05-16,nowcast,1.2,1,1.5,1.1,1.3,0.06
SAN LUIS POTOSI,2020-05-17,nowcast,1.2,0.9,1.5,1.1,1.3,0.07
SAN LUIS POTOSI,2020-05-18,nowcast,1.2,0.9,1.5,1.1,1.3,0.11
SAN LUIS POTOSI,2020-05-19,forecast,1.2,0.9,1.5,1.1,1.3,0.12
SAN LUIS POTOSI,2020-05-20,forecast,1.2,0.8,1.5,1,1.3,0.15
SAN LUIS POTOSI,2020-05-21,forecast,1.2,0.8,1.6,1,1.3,0.18
SAN LUIS POTOSI,2020-05-22,forecast,1.2,0.8,1.6,1,1.3,0.21
SAN LUIS POTOSI,2020-05-23,forecast,1.2,0.8,1.6,1,1.3,0.23
SAN LUIS POTOSI,2020-05-24,forecast,1.1,0.7,1.7,0.9,1.3,0.26
SAN LUIS POTOSI,2020-05-25,forecast,1.2,0.7,1.6,1,1.3,0.25
SAN LUIS POTOSI,2020-05-26,forecast,1.1,0.7,1.7,1,1.3,0.28
SAN LUIS POTOSI,2020-05-27,forecast,1.1,0.6,1.7,0.9,1.3,0.31
SAN LUIS POTOSI,2020-05-28,forecast,1.1,0.6,1.7,0.9,1.3,0.33
SAN LUIS POTOSI,2020-05-29,forecast,1.1,0.5,1.7,0.9,1.3,0.33
SAN LUIS POTOSI,2020-05-30,forecast,1.1,0.6,1.7,0.9,1.3,0.33
SAN LUIS POTOSI,2020-05-31,forecast,1.1,0.6,1.8,0.9,1.3,0.36
SAN LUIS POTOSI,2020-06-01,forecast,1.1,0.5,1.8,0.8,1.3,0.38
SINALOA,2020-03-28,nowcast,1.8,1.4,2.3,1.7,2,0
SINALOA,2020-03-29,nowcast,1.7,1.3,2.1,1.6,1.9,0
SINALOA,2020-03-30,nowcast,1.6,1.3,2,1.5,1.8,0
SINALOA,2020-03-31,nowcast,1.6,1.2,1.9,1.4,1.7,0
SINALOA,2020-04-01,nowcast,1.5,1.2,1.8,1.4,1.6,0
SINALOA,2020-04-02,nowcast,1.5,1.2,1.7,1.4,1.6,0
SINALOA,2020-04-03,nowcast,1.4,1.2,1.7,1.3,1.5,0
SINALOA,2020-04-04,nowcast,1.4,1.2,1.6,1.3,1.5,0
SINALOA,2020-04-05,nowcast,1.4,1.2,1.6,1.3,1.4,0
SINALOA,2020-04-06,nowcast,1.3,1.1,1.5,1.3,1.4,0
SINALOA,2020-04-07,nowcast,1.3,1.1,1.5,1.2,1.4,0.01
SINALOA,2020-04-08,nowcast,1.3,1.1,1.5,1.2,1.3,0
SINALOA,2020-04-09,nowcast,1.3,1.1,1.5,1.2,1.3,0
SINALOA,2020-04-10,nowcast,1.3,1.1,1.4,1.2,1.3,0
SINALOA,2020-04-11,nowcast,1.3,1.1,1.4,1.2,1.3,0
SINALOA,2020-04-12,nowcast,1.2,1.1,1.4,1.2,1.3,0.01
SINALOA,2020-04-13,nowcast,1.2,1.1,1.4,1.1,1.3,0.02
SINALOA,2020-04-14,nowcast,1.2,1,1.3,1.1,1.2,0.03
SINALOA,2020-04-15,nowcast,1.2,1,1.3,1.1,1.2,0.03
SINALOA,2020-04-16,nowcast,1.1,1,1.3,1.1,1.2,0.03
SINALOA,2020-04-17,nowcast,1.1,1,1.3,1.1,1.2,0.04
SINALOA,2020-04-18,nowcast,1.1,1,1.2,1.1,1.2,0.06
SINALOA,2020-04-19,nowcast,1.1,1,1.2,1.1,1.2,0.07
SINALOA,2020-04-20,nowcast,1.1,1,1.2,1.1,1.1,0.08
SINALOA,2020-04-21,nowcast,1.1,1,1.2,1.1,1.2,0.05
SINALOA,2020-04-22,nowcast,1.1,1,1.2,1.1,1.2,0.04
SINALOA,2020-04-23,nowcast,1.1,1,1.3,1.1,1.2,0.02
SINALOA,2020-04-24,nowcast,1.2,1,1.3,1.1,1.2,0.01
SINALOA,2020-04-25,nowcast,1.2,1,1.3,1.1,1.2,0.01
SINALOA,2020-04-26,nowcast,1.1,1,1.3,1.1,1.2,0.03
SINALOA,2020-04-27,nowcast,1.1,1,1.2,1,1.1,0.11
SINALOA,2020-04-28,nowcast,1.1,0.9,1.2,1,1.1,0.16
SINALOA,2020-04-29,nowcast,1.1,1,1.2,1,1.1,0.14
SINALOA,2020-04-30,nowcast,1.1,1,1.2,1,1.1,0.11
SINALOA,2020-05-01,nowcast,1.1,1,1.2,1,1.1,0.07
SINALOA,2020-05-02,nowcast,1.1,1,1.2,1.1,1.1,0.04
SINALOA,2020-05-03,nowcast,1.1,1,1.3,1.1,1.2,0.02
SINALOA,2020-05-04,nowcast,1.1,1,1.3,1.1,1.2,0.01
SINALOA,2020-05-05,nowcast,1.2,1.1,1.3,1.1,1.2,0.01
SINALOA,2020-05-06,nowcast,1.2,1.1,1.3,1.1,1.2,0
SINALOA,2020-05-07,nowcast,1.2,1.1,1.3,1.1,1.2,0
SINALOA,2020-05-08,nowcast,1.2,1.1,1.3,1.1,1.2,0
SINALOA,2020-05-09,nowcast,1.2,1.1,1.3,1.1,1.2,0
SINALOA,2020-05-10,nowcast,1.2,1.1,1.3,1.1,1.2,0.01
SINALOA,2020-05-11,nowcast,1.2,1.1,1.3,1.1,1.2,0.01
SINALOA,2020-05-12,nowcast,1.2,1.1,1.3,1.1,1.2,0.01
SINALOA,2020-05-13,nowcast,1.2,1.1,1.3,1.1,1.2,0
SINALOA,2020-05-14,nowcast,1.2,1.1,1.3,1.2,1.2,0.01
SINALOA,2020-05-15,nowcast,1.2,1.1,1.3,1.1,1.2,0
SINALOA,2020-05-16,nowcast,1.2,1.1,1.4,1.1,1.3,0.01
SINALOA,2020-05-17,nowcast,1.2,1.1,1.4,1.2,1.3,0.01
SINALOA,2020-05-18,nowcast,1.2,1,1.4,1.1,1.3,0.03
SINALOA,2020-05-19,forecast,1.2,1,1.4,1.1,1.3,0.03
SINALOA,2020-05-20,forecast,1.2,1,1.4,1.1,1.3,0.05
SINALOA,2020-05-21,forecast,1.2,1,1.4,1.1,1.3,0.05
SINALOA,2020-05-22,forecast,1.2,1,1.4,1.1,1.3,0.07
SINALOA,2020-05-23,forecast,1.2,0.9,1.4,1.1,1.3,0.08
SINALOA,2020-05-24,forecast,1.2,0.9,1.5,1.1,1.3,0.09
SINALOA,2020-05-25,forecast,1.2,0.9,1.5,1.1,1.3,0.1
SINALOA,2020-05-26,forecast,1.2,0.9,1.5,1.1,1.3,0.11
SINALOA,2020-05-27,forecast,1.2,0.9,1.5,1.1,1.3,0.12
SINALOA,2020-05-28,forecast,1.2,0.9,1.5,1.1,1.3,0.13
SINALOA,2020-05-29,forecast,1.2,0.9,1.5,1.1,1.3,0.13
SINALOA,2020-05-30,forecast,1.2,0.9,1.5,1,1.3,0.15
SINALOA,2020-05-31,forecast,1.2,0.9,1.5,1.1,1.3,0.16
SINALOA,2020-06-01,forecast,1.2,0.9,1.5,1,1.3,0.19
SONORA,2020-04-02,nowcast,1.5,1,2,1.2,1.6,0.04
SONORA,2020-04-03,nowcast,1.4,1,1.9,1.2,1.5,0.07
SONORA,2020-04-04,nowcast,1.4,0.9,1.8,1.2,1.5,0.07
SONORA,2020-04-05,nowcast,1.3,0.9,1.7,1.1,1.4,0.07
SONORA,2020-04-06,nowcast,1.3,0.9,1.7,1.1,1.4,0.1
SONORA,2020-04-07,nowcast,1.3,0.9,1.6,1.1,1.4,0.09
SONORA,2020-04-08,nowcast,1.3,0.9,1.6,1.1,1.4,0.08
SONORA,2020-04-09,nowcast,1.3,1,1.6,1.1,1.4,0.06
SONORA,2020-04-10,nowcast,1.3,1,1.6,1.2,1.4,0.04
SONORA,2020-04-11,nowcast,1.3,1,1.7,1.2,1.4,0.03
SONORA,2020-04-12,nowcast,1.3,1,1.6,1.2,1.4,0.04
SONORA,2020-04-13,nowcast,1.3,1,1.6,1.2,1.4,0.04
SONORA,2020-04-14,nowcast,1.3,1,1.6,1.2,1.4,0.02
SONORA,2020-04-15,nowcast,1.4,1,1.7,1.2,1.5,0.02
SONORA,2020-04-16,nowcast,1.4,1.1,1.7,1.3,1.5,0.01
SONORA,2020-04-17,nowcast,1.4,1.1,1.7,1.3,1.5,0
SONORA,2020-04-18,nowcast,1.5,1.2,1.8,1.3,1.5,0
SONORA,2020-04-19,nowcast,1.5,1.2,1.8,1.3,1.6,0
SONORA,2020-04-20,nowcast,1.5,1.2,1.8,1.4,1.6,0
SONORA,2020-04-21,nowcast,1.5,1.2,1.8,1.4,1.6,0
SONORA,2020-04-22,nowcast,1.5,1.2,1.7,1.4,1.6,0
SONORA,2020-04-23,nowcast,1.5,1.2,1.7,1.4,1.6,0
SONORA,2020-04-24,nowcast,1.5,1.3,1.8,1.4,1.6,0
SONORA,2020-04-25,nowcast,1.5,1.3,1.7,1.4,1.6,0
SONORA,2020-04-26,nowcast,1.5,1.3,1.7,1.4,1.6,0
SONORA,2020-04-27,nowcast,1.5,1.3,1.7,1.4,1.6,0
SONORA,2020-04-28,nowcast,1.5,1.3,1.7,1.4,1.6,0
SONORA,2020-04-29,nowcast,1.5,1.3,1.7,1.4,1.5,0
SONORA,2020-04-30,nowcast,1.4,1.3,1.6,1.3,1.5,0
SONORA,2020-05-01,nowcast,1.4,1.2,1.6,1.3,1.5,0
SONORA,2020-05-02,nowcast,1.4,1.2,1.6,1.3,1.4,0
SONORA,2020-05-03,nowcast,1.3,1.2,1.5,1.3,1.4,0
SONORA,2020-05-04,nowcast,1.3,1.2,1.5,1.2,1.4,0
SONORA,2020-05-05,nowcast,1.3,1.1,1.4,1.2,1.3,0
SONORA,2020-05-06,nowcast,1.3,1.1,1.4,1.2,1.3,0
SONORA,2020-05-07,nowcast,1.3,1.1,1.4,1.2,1.3,0
SONORA,2020-05-08,nowcast,1.2,1.1,1.4,1.2,1.3,0
SONORA,2020-05-09,nowcast,1.2,1.1,1.4,1.2,1.3,0
SONORA,2020-05-10,nowcast,1.2,1.1,1.4,1.2,1.3,0.01
SONORA,2020-05-11,nowcast,1.2,1.1,1.3,1.2,1.3,0.01
SONORA,2020-05-12,nowcast,1.2,1.1,1.3,1.2,1.3,0.01
SONORA,2020-05-13,nowcast,1.2,1.1,1.3,1.1,1.2,0.01
SONORA,2020-05-14,nowcast,1.2,1.1,1.3,1.1,1.3,0.01
SONORA,2020-05-15,nowcast,1.2,1.1,1.4,1.1,1.3,0.01
SONORA,2020-05-16,nowcast,1.2,1,1.4,1.1,1.3,0.02
SONORA,2020-05-17,nowcast,1.2,1,1.4,1.1,1.3,0.05
SONORA,2020-05-18,nowcast,1.2,1,1.4,1.1,1.3,0.1
SONORA,2020-05-19,forecast,1.2,0.9,1.4,1.1,1.3,0.11
SONORA,2020-05-20,forecast,1.2,0.9,1.4,1.1,1.3,0.14
SONORA,2020-05-21,forecast,1.2,0.8,1.4,1,1.3,0.16
SONORA,2020-05-22,forecast,1.2,0.8,1.4,1,1.3,0.19
SONORA,2020-05-23,forecast,1.2,0.8,1.5,1,1.3,0.2
SONORA,2020-05-24,forecast,1.1,0.8,1.5,1,1.3,0.21
SONORA,2020-05-25,forecast,1.1,0.8,1.5,1,1.3,0.24
SONORA,2020-05-26,forecast,1.1,0.8,1.5,1,1.3,0.25
SONORA,2020-05-27,forecast,1.1,0.7,1.5,1,1.3,0.26
SONORA,2020-05-28,forecast,1.1,0.7,1.5,1,1.3,0.27
SONORA,2020-05-29,forecast,1.1,0.7,1.6,1,1.3,0.28
SONORA,2020-05-30,forecast,1.1,0.7,1.6,1,1.3,0.29
SONORA,2020-05-31,forecast,1.1,0.7,1.6,1,1.3,0.29
SONORA,2020-06-01,forecast,1.1,0.7,1.6,1,1.3,0.3
TABASCO,2020-03-28,nowcast,1.9,1.4,2.4,1.7,2.1,0
TABASCO,2020-03-29,nowcast,1.8,1.3,2.2,1.6,1.9,0
TABASCO,2020-03-30,nowcast,1.7,1.3,2.1,1.5,1.8,0
TABASCO,2020-03-31,nowcast,1.6,1.3,2,1.5,1.8,0
TABASCO,2020-04-01,nowcast,1.6,1.3,1.9,1.4,1.7,0
TABASCO,2020-04-02,nowcast,1.6,1.3,1.9,1.5,1.7,0
TABASCO,2020-04-03,nowcast,1.6,1.3,1.9,1.5,1.7,0
TABASCO,2020-04-04,nowcast,1.6,1.3,1.9,1.5,1.7,0
TABASCO,2020-04-05,nowcast,1.6,1.4,1.9,1.5,1.7,0
TABASCO,2020-04-06,nowcast,1.6,1.4,1.9,1.5,1.7,0
TABASCO,2020-04-07,nowcast,1.6,1.4,1.9,1.5,1.7,0
TABASCO,2020-04-08,nowcast,1.6,1.4,1.9,1.5,1.7,0
TABASCO,2020-04-09,nowcast,1.6,1.4,1.8,1.5,1.7,0
TABASCO,2020-04-10,nowcast,1.5,1.3,1.8,1.4,1.6,0
TABASCO,2020-04-11,nowcast,1.5,1.3,1.7,1.4,1.6,0
TABASCO,2020-04-12,nowcast,1.5,1.3,1.7,1.4,1.5,0
TABASCO,2020-04-13,nowcast,1.4,1.2,1.6,1.3,1.5,0
TABASCO,2020-04-14,nowcast,1.4,1.2,1.5,1.3,1.4,0
TABASCO,2020-04-15,nowcast,1.3,1.1,1.5,1.2,1.3,0
TABASCO,2020-04-16,nowcast,1.2,1,1.4,1.1,1.3,0.01
TABASCO,2020-04-17,nowcast,1.2,1,1.3,1.1,1.2,0.03
TABASCO,2020-04-18,nowcast,1.1,1,1.3,1.1,1.2,0.04
TABASCO,2020-04-19,nowcast,1.1,1,1.2,1.1,1.2,0.06
TABASCO,2020-04-20,nowcast,1.1,1,1.2,1,1.1,0.06
TABASCO,2020-04-21,nowcast,1.1,1,1.2,1.1,1.2,0.07
TABASCO,2020-04-22,nowcast,1.1,1,1.2,1.1,1.1,0.04
TABASCO,2020-04-23,nowcast,1.1,1,1.2,1.1,1.1,0.05
TABASCO,2020-04-24,nowcast,1.1,1,1.2,1.1,1.1,0.04
TABASCO,2020-04-25,nowcast,1.1,1,1.2,1.1,1.1,0.03
TABASCO,2020-04-26,nowcast,1.1,1,1.2,1.1,1.2,0.01
TABASCO,2020-04-27,nowcast,1.1,1,1.3,1.1,1.2,0.01
TABASCO,2020-04-28,nowcast,1.2,1.1,1.3,1.1,1.2,0
TABASCO,2020-04-29,nowcast,1.2,1.1,1.3,1.1,1.2,0
TABASCO,2020-04-30,nowcast,1.2,1.1,1.3,1.1,1.2,0
TABASCO,2020-05-01,nowcast,1.2,1.1,1.3,1.1,1.2,0
TABASCO,2020-05-02,nowcast,1.2,1.1,1.3,1.2,1.2,0
TABASCO,2020-05-03,nowcast,1.2,1.1,1.3,1.1,1.2,0
TABASCO,2020-05-04,nowcast,1.2,1.1,1.3,1.1,1.2,0
TABASCO,2020-05-05,nowcast,1.2,1.1,1.3,1.1,1.2,0.01
TABASCO,2020-05-06,nowcast,1.2,1,1.2,1.1,1.2,0.01
TABASCO,2020-05-07,nowcast,1.1,1,1.2,1.1,1.2,0.02
TABASCO,2020-05-08,nowcast,1.1,1,1.2,1.1,1.2,0.04
TABASCO,2020-05-09,nowcast,1.1,1,1.2,1.1,1.1,0.06
TABASCO,2020-05-10,nowcast,1.1,1,1.2,1.1,1.1,0.06
TABASCO,2020-05-11,nowcast,1.1,1,1.2,1,1.1,0.08
TABASCO,2020-05-12,nowcast,1.1,1,1.2,1,1.1,0.09
TABASCO,2020-05-13,nowcast,1.1,1,1.2,1,1.1,0.1
TABASCO,2020-05-14,nowcast,1.1,1,1.2,1,1.1,0.1
TABASCO,2020-05-15,nowcast,1.1,1,1.2,1,1.1,0.12
TABASCO,2020-05-16,nowcast,1.1,0.9,1.2,1,1.1,0.14
TABASCO,2020-05-17,nowcast,1.1,0.9,1.2,1,1.1,0.15
TABASCO,2020-05-18,nowcast,1.1,0.9,1.3,1,1.1,0.13
TABASCO,2020-05-19,forecast,1.1,0.9,1.3,1,1.1,0.19
TABASCO,2020-05-20,forecast,1.1,0.9,1.3,1,1.2,0.24
TABASCO,2020-05-21,forecast,1.1,0.9,1.3,1,1.2,0.26
TABASCO,2020-05-22,forecast,1.1,0.8,1.3,1,1.1,0.3
TABASCO,2020-05-23,forecast,1.1,0.8,1.3,1,1.2,0.31
TABASCO,2020-05-24,forecast,1.1,0.8,1.4,1,1.2,0.34
TABASCO,2020-05-25,forecast,1.1,0.8,1.4,0.9,1.2,0.36
TABASCO,2020-05-26,forecast,1.1,0.7,1.4,0.9,1.2,0.38
TABASCO,2020-05-27,forecast,1.1,0.7,1.4,0.9,1.2,0.39
TABASCO,2020-05-28,forecast,1.1,0.7,1.4,0.9,1.2,0.4
TABASCO,2020-05-29,forecast,1,0.7,1.4,0.9,1.2,0.4
TABASCO,2020-05-30,forecast,1,0.7,1.5,0.9,1.2,0.42
TABASCO,2020-05-31,forecast,1,0.7,1.5,0.9,1.2,0.45
TABASCO,2020-06-01,forecast,1,0.6,1.5,0.9,1.2,0.43
TAMAULIPAS,2020-03-31,nowcast,1.6,1.1,2.2,1.4,1.8,0.02
TAMAULIPAS,2020-04-01,nowcast,1.6,1.1,2.1,1.3,1.7,0.02
TAMAULIPAS,2020-04-02,nowcast,1.5,1.1,2,1.3,1.7,0.02
TAMAULIPAS,2020-04-03,nowcast,1.5,1.1,1.9,1.3,1.6,0.02
TAMAULIPAS,2020-04-04,nowcast,1.5,1.1,1.9,1.3,1.6,0.02
TAMAULIPAS,2020-04-05,nowcast,1.5,1.1,1.9,1.3,1.6,0.01
TAMAULIPAS,2020-04-06,nowcast,1.5,1.2,1.9,1.4,1.7,0
TAMAULIPAS,2020-04-07,nowcast,1.6,1.2,1.9,1.4,1.7,0
TAMAULIPAS,2020-04-08,nowcast,1.6,1.2,1.9,1.4,1.7,0
TAMAULIPAS,2020-04-09,nowcast,1.6,1.2,2,1.4,1.7,0
TAMAULIPAS,2020-04-10,nowcast,1.6,1.2,1.9,1.4,1.7,0
TAMAULIPAS,2020-04-11,nowcast,1.5,1.2,1.8,1.4,1.6,0
TAMAULIPAS,2020-04-12,nowcast,1.5,1.2,1.8,1.3,1.6,0
TAMAULIPAS,2020-04-13,nowcast,1.4,1.1,1.7,1.3,1.5,0.01
TAMAULIPAS,2020-04-14,nowcast,1.4,1.1,1.6,1.2,1.5,0.02
TAMAULIPAS,2020-04-15,nowcast,1.3,1.1,1.6,1.2,1.4,0.01
TAMAULIPAS,2020-04-16,nowcast,1.3,1.1,1.6,1.2,1.4,0.01
TAMAULIPAS,2020-04-17,nowcast,1.3,1.1,1.5,1.2,1.4,0.01
TAMAULIPAS,2020-04-18,nowcast,1.3,1.1,1.5,1.2,1.3,0.02
TAMAULIPAS,2020-04-19,nowcast,1.2,1,1.5,1.1,1.3,0.03
TAMAULIPAS,2020-04-20,nowcast,1.2,1,1.4,1.1,1.3,0.03
TAMAULIPAS,2020-04-21,nowcast,1.2,1,1.4,1.1,1.3,0.03
TAMAULIPAS,2020-04-22,nowcast,1.2,1,1.4,1.1,1.3,0.03
TAMAULIPAS,2020-04-23,nowcast,1.2,1,1.4,1.1,1.3,0.02
TAMAULIPAS,2020-04-24,nowcast,1.2,1.1,1.4,1.2,1.3,0.01
TAMAULIPAS,2020-04-25,nowcast,1.3,1.1,1.5,1.2,1.3,0
TAMAULIPAS,2020-04-26,nowcast,1.3,1.1,1.5,1.2,1.4,0
TAMAULIPAS,2020-04-27,nowcast,1.3,1.2,1.6,1.2,1.4,0
TAMAULIPAS,2020-04-28,nowcast,1.4,1.2,1.6,1.3,1.4,0
TAMAULIPAS,2020-04-29,nowcast,1.4,1.2,1.6,1.3,1.4,0
TAMAULIPAS,2020-04-30,nowcast,1.4,1.2,1.6,1.3,1.4,0
TAMAULIPAS,2020-05-01,nowcast,1.4,1.2,1.5,1.3,1.4,0
TAMAULIPAS,2020-05-02,nowcast,1.3,1.1,1.5,1.2,1.4,0
TAMAULIPAS,2020-05-03,nowcast,1.2,1,1.4,1.1,1.3,0.05
TAMAULIPAS,2020-05-04,nowcast,1.1,0.9,1.3,1,1.1,0.33
TAMAULIPAS,2020-05-05,nowcast,0.9,0.7,1.1,0.8,1,0.87
TAMAULIPAS,2020-05-06,nowcast,0.8,0.7,1,0.8,0.9,0.94
TAMAULIPAS,2020-05-07,nowcast,0.9,0.7,1,0.8,0.9,0.92
TAMAULIPAS,2020-05-08,nowcast,0.9,0.8,1.1,0.8,1,0.87
TAMAULIPAS,2020-05-09,nowcast,0.9,0.8,1.1,0.9,1,0.84
TAMAULIPAS,2020-05-10,nowcast,0.9,0.8,1.1,0.9,1,0.76
TAMAULIPAS,2020-05-11,nowcast,1,0.8,1.2,0.9,1,0.6
TAMAULIPAS,2020-05-12,nowcast,1,0.8,1.2,0.9,1,0.48
TAMAULIPAS,2020-05-13,nowcast,1,0.9,1.2,0.9,1.1,0.37
TAMAULIPAS,2020-05-14,nowcast,1,0.9,1.2,0.9,1.1,0.34
TAMAULIPAS,2020-05-15,nowcast,1.1,0.9,1.2,1,1.1,0.29
TAMAULIPAS,2020-05-16,nowcast,1.1,0.9,1.3,1,1.2,0.2
TAMAULIPAS,2020-05-17,nowcast,1.1,0.9,1.4,1,1.2,0.13
TAMAULIPAS,2020-05-18,nowcast,1.2,0.9,1.5,1,1.2,0.09
TAMAULIPAS,2020-05-19,forecast,1.2,0.9,1.6,1,1.3,0.13
TAMAULIPAS,2020-05-20,forecast,1.2,0.8,1.6,1,1.3,0.17
TAMAULIPAS,2020-05-21,forecast,1.2,0.8,1.6,1,1.3,0.2
TAMAULIPAS,2020-05-22,forecast,1.2,0.7,1.6,1,1.3,0.22
TAMAULIPAS,2020-05-23,forecast,1.2,0.7,1.7,0.9,1.3,0.25
TAMAULIPAS,2020-05-24,forecast,1.2,0.7,1.7,0.9,1.3,0.26
TAMAULIPAS,2020-05-25,forecast,1.2,0.7,1.7,1,1.4,0.26
TAMAULIPAS,2020-05-26,forecast,1.2,0.6,1.7,0.9,1.3,0.29
TAMAULIPAS,2020-05-27,forecast,1.2,0.6,1.8,0.9,1.4,0.31
TAMAULIPAS,2020-05-28,forecast,1.2,0.6,1.8,0.9,1.4,0.31
TAMAULIPAS,2020-05-29,forecast,1.2,0.5,1.8,0.9,1.3,0.32
TAMAULIPAS,2020-05-30,forecast,1.2,0.5,1.8,0.9,1.4,0.32
TAMAULIPAS,2020-05-31,forecast,1.2,0.5,1.9,0.8,1.4,0.35
TAMAULIPAS,2020-06-01,forecast,1.1,0.5,1.9,0.9,1.4,0.34
TLAXCALA,2020-04-03,nowcast,1.5,0.9,2,1.2,1.6,0.06
TLAXCALA,2020-04-04,nowcast,1.4,0.9,1.9,1.2,1.6,0.08
TLAXCALA,2020-04-05,nowcast,1.3,0.9,1.8,1.1,1.5,0.11
TLAXCALA,2020-04-06,nowcast,1.3,0.9,1.7,1.1,1.4,0.09
TLAXCALA,2020-04-07,nowcast,1.3,0.9,1.7,1.1,1.4,0.1
TLAXCALA,2020-04-08,nowcast,1.3,0.9,1.7,1.1,1.4,0.07
TLAXCALA,2020-04-09,nowcast,1.3,1,1.7,1.2,1.5,0.06
TLAXCALA,2020-04-10,nowcast,1.4,1,1.7,1.2,1.5,0.04
TLAXCALA,2020-04-11,nowcast,1.4,1,1.8,1.2,1.5,0.03
TLAXCALA,2020-04-12,nowcast,1.4,1.1,1.8,1.3,1.6,0.02
TLAXCALA,2020-04-13,nowcast,1.4,1.1,1.8,1.3,1.6,0.01
TLAXCALA,2020-04-14,nowcast,1.5,1.1,1.8,1.3,1.6,0.01
TLAXCALA,2020-04-15,nowcast,1.5,1.1,1.8,1.3,1.6,0.01
TLAXCALA,2020-04-16,nowcast,1.5,1.1,1.8,1.3,1.6,0.01
TLAXCALA,2020-04-17,nowcast,1.4,1.1,1.8,1.3,1.6,0.01
TLAXCALA,2020-04-18,nowcast,1.4,1.1,1.7,1.3,1.5,0.01
TLAXCALA,2020-04-19,nowcast,1.4,1.1,1.7,1.3,1.5,0.01
TLAXCALA,2020-04-20,nowcast,1.4,1.1,1.7,1.2,1.5,0.02
TLAXCALA,2020-04-21,nowcast,1.3,1,1.6,1.2,1.4,0.02
TLAXCALA,2020-04-22,nowcast,1.3,1.1,1.6,1.2,1.4,0.02
TLAXCALA,2020-04-23,nowcast,1.3,1.1,1.5,1.2,1.4,0.02
TLAXCALA,2020-04-24,nowcast,1.2,1,1.5,1.2,1.3,0.04
TLAXCALA,2020-04-25,nowcast,1.2,1,1.4,1.1,1.3,0.05
TLAXCALA,2020-04-26,nowcast,1.2,1,1.4,1.1,1.3,0.04
TLAXCALA,2020-04-27,nowcast,1.2,1,1.4,1.1,1.3,0.05
TLAXCALA,2020-04-28,nowcast,1.2,1,1.4,1.1,1.3,0.04
TLAXCALA,2020-04-29,nowcast,1.2,1,1.4,1.1,1.3,0.03
TLAXCALA,2020-04-30,nowcast,1.2,1.1,1.5,1.1,1.3,0.02
TLAXCALA,2020-05-01,nowcast,1.3,1.1,1.5,1.2,1.3,0.01
TLAXCALA,2020-05-02,nowcast,1.3,1.1,1.5,1.2,1.3,0.01
TLAXCALA,2020-05-03,nowcast,1.2,1.1,1.4,1.2,1.3,0.01
TLAXCALA,2020-05-04,nowcast,1.2,1.1,1.4,1.2,1.3,0.02
TLAXCALA,2020-05-05,nowcast,1.2,1,1.4,1.2,1.3,0.02
TLAXCALA,2020-05-06,nowcast,1.2,1,1.4,1.1,1.3,0.02
TLAXCALA,2020-05-07,nowcast,1.2,1,1.4,1.1,1.3,0.02
TLAXCALA,2020-05-08,nowcast,1.2,1,1.4,1.1,1.3,0.03
TLAXCALA,2020-05-09,nowcast,1.2,1,1.4,1.1,1.3,0.04
TLAXCALA,2020-05-10,nowcast,1.2,1,1.4,1.1,1.2,0.06
TLAXCALA,2020-05-11,nowcast,1.2,1,1.4,1.1,1.2,0.06
TLAXCALA,2020-05-12,nowcast,1.2,1,1.4,1.1,1.2,0.05
TLAXCALA,2020-05-13,nowcast,1.2,1,1.4,1.1,1.3,0.03
TLAXCALA,2020-05-14,nowcast,1.2,1,1.4,1.1,1.3,0.02
TLAXCALA,2020-05-15,nowcast,1.2,1,1.5,1.1,1.3,0.02
TLAXCALA,2020-05-16,nowcast,1.3,1,1.5,1.2,1.3,0.02
TLAXCALA,2020-05-17,nowcast,1.3,1,1.6,1.2,1.4,0.02
TLAXCALA,2020-05-18,nowcast,1.3,1,1.7,1.2,1.4,0.02
TLAXCALA,2020-05-19,forecast,1.3,1,1.7,1.2,1.4,0.03
TLAXCALA,2020-05-20,forecast,1.3,1,1.7,1.2,1.4,0.03
TLAXCALA,2020-05-21,forecast,1.3,1,1.8,1.1,1.4,0.05
TLAXCALA,2020-05-22,forecast,1.3,1,1.8,1.1,1.5,0.06
TLAXCALA,2020-05-23,forecast,1.3,0.9,1.8,1.1,1.5,0.07
TLAXCALA,2020-05-24,forecast,1.3,0.9,1.8,1.1,1.5,0.08
TLAXCALA,2020-05-25,forecast,1.3,0.9,1.9,1.1,1.5,0.09
TLAXCALA,2020-05-26,forecast,1.3,0.9,1.9,1.1,1.5,0.1
TLAXCALA,2020-05-27,forecast,1.3,0.8,1.9,1.1,1.5,0.11
TLAXCALA,2020-05-28,forecast,1.3,0.8,1.9,1.1,1.5,0.12
TLAXCALA,2020-05-29,forecast,1.3,0.8,1.9,1.1,1.5,0.13
TLAXCALA,2020-05-30,forecast,1.3,0.7,1.9,1.1,1.5,0.15
TLAXCALA,2020-05-31,forecast,1.3,0.7,2,1.1,1.5,0.15
TLAXCALA,2020-06-01,forecast,1.3,0.7,2,1.1,1.5,0.15
VERACRUZ,2020-03-29,nowcast,2,1.4,2.7,1.7,2.2,0
VERACRUZ,2020-03-30,nowcast,1.9,1.4,2.5,1.7,2.1,0
VERACRUZ,2020-03-31,nowcast,1.8,1.3,2.4,1.6,2.1,0
VERACRUZ,2020-04-01,nowcast,1.7,1.3,2.2,1.5,1.9,0
VERACRUZ,2020-04-02,nowcast,1.7,1.2,2.1,1.5,1.8,0
VERACRUZ,2020-04-03,nowcast,1.6,1.3,2.1,1.5,1.8,0
VERACRUZ,2020-04-04,nowcast,1.6,1.3,2,1.4,1.7,0
VERACRUZ,2020-04-05,nowcast,1.6,1.3,2,1.4,1.7,0
VERACRUZ,2020-04-06,nowcast,1.6,1.2,1.9,1.4,1.7,0
VERACRUZ,2020-04-07,nowcast,1.6,1.3,1.9,1.4,1.7,0
VERACRUZ,2020-04-08,nowcast,1.6,1.3,1.9,1.4,1.7,0
VERACRUZ,2020-04-09,nowcast,1.6,1.3,1.9,1.4,1.7,0
VERACRUZ,2020-04-10,nowcast,1.6,1.3,1.9,1.5,1.7,0
VERACRUZ,2020-04-11,nowcast,1.6,1.3,1.9,1.5,1.7,0
VERACRUZ,2020-04-12,nowcast,1.6,1.3,1.9,1.5,1.7,0
VERACRUZ,2020-04-13,nowcast,1.6,1.4,1.8,1.5,1.7,0
VERACRUZ,2020-04-14,nowcast,1.6,1.3,1.8,1.5,1.7,0
VERACRUZ,2020-04-15,nowcast,1.6,1.3,1.8,1.5,1.7,0
VERACRUZ,2020-04-16,nowcast,1.5,1.3,1.8,1.5,1.6,0
VERACRUZ,2020-04-17,nowcast,1.5,1.3,1.8,1.4,1.6,0
VERACRUZ,2020-04-18,nowcast,1.5,1.3,1.7,1.4,1.5,0
VERACRUZ,2020-04-19,nowcast,1.4,1.2,1.6,1.4,1.5,0
VERACRUZ,2020-04-20,nowcast,1.4,1.2,1.6,1.3,1.5,0
VERACRUZ,2020-04-21,nowcast,1.4,1.2,1.5,1.3,1.4,0
VERACRUZ,2020-04-22,nowcast,1.3,1.1,1.5,1.2,1.4,0
VERACRUZ,2020-04-23,nowcast,1.3,1.1,1.4,1.2,1.3,0
VERACRUZ,2020-04-24,nowcast,1.3,1.1,1.4,1.2,1.3,0
VERACRUZ,2020-04-25,nowcast,1.3,1.1,1.4,1.2,1.3,0
VERACRUZ,2020-04-26,nowcast,1.3,1.1,1.4,1.2,1.3,0
VERACRUZ,2020-04-27,nowcast,1.3,1.1,1.4,1.2,1.3,0
VERACRUZ,2020-04-28,nowcast,1.3,1.1,1.4,1.2,1.3,0
VERACRUZ,2020-04-29,nowcast,1.3,1.1,1.4,1.2,1.3,0
VERACRUZ,2020-04-30,nowcast,1.3,1.2,1.4,1.2,1.3,0
VERACRUZ,2020-05-01,nowcast,1.3,1.2,1.4,1.2,1.3,0
VERACRUZ,2020-05-02,nowcast,1.3,1.2,1.4,1.2,1.3,0
VERACRUZ,2020-05-03,nowcast,1.3,1.1,1.4,1.2,1.3,0
VERACRUZ,2020-05-04,nowcast,1.2,1.1,1.4,1.2,1.3,0
VERACRUZ,2020-05-05,nowcast,1.2,1.1,1.3,1.2,1.2,0
VERACRUZ,2020-05-06,nowcast,1.2,1.1,1.3,1.1,1.2,0
VERACRUZ,2020-05-07,nowcast,1.2,1,1.3,1.1,1.2,0.01
VERACRUZ,2020-05-08,nowcast,1.1,1,1.2,1.1,1.2,0.01
VERACRUZ,2020-05-09,nowcast,1.1,1.1,1.3,1.1,1.2,0.01
VERACRUZ,2020-05-10,nowcast,1.2,1.1,1.3,1.1,1.2,0
VERACRUZ,2020-05-11,nowcast,1.2,1.1,1.3,1.1,1.2,0
VERACRUZ,2020-05-12,nowcast,1.2,1.1,1.3,1.1,1.2,0
VERACRUZ,2020-05-13,nowcast,1.2,1.1,1.3,1.1,1.2,0
VERACRUZ,2020-05-14,nowcast,1.2,1.1,1.3,1.1,1.2,0
VERACRUZ,2020-05-15,nowcast,1.2,1.1,1.3,1.1,1.2,0.01
VERACRUZ,2020-05-16,nowcast,1.2,1.1,1.3,1.2,1.2,0
VERACRUZ,2020-05-17,nowcast,1.2,1.1,1.4,1.2,1.3,0
VERACRUZ,2020-05-18,nowcast,1.3,1.1,1.4,1.2,1.3,0
VERACRUZ,2020-05-19,forecast,1.2,1.1,1.5,1.2,1.3,0.01
VERACRUZ,2020-05-20,forecast,1.2,1,1.5,1.2,1.3,0.02
VERACRUZ,2020-05-21,forecast,1.2,1,1.5,1.2,1.3,0.03
VERACRUZ,2020-05-22,forecast,1.2,1,1.5,1.1,1.3,0.04
VERACRUZ,2020-05-23,forecast,1.2,1,1.5,1.1,1.3,0.05
VERACRUZ,2020-05-24,forecast,1.2,1,1.6,1.1,1.3,0.07
VERACRUZ,2020-05-25,forecast,1.2,0.9,1.5,1.1,1.3,0.07
VERACRUZ,2020-05-26,forecast,1.2,0.9,1.6,1.1,1.3,0.09
VERACRUZ,2020-05-27,forecast,1.2,0.9,1.6,1.1,1.3,0.1
VERACRUZ,2020-05-28,forecast,1.2,0.8,1.6,1.1,1.4,0.12
VERACRUZ,2020-05-29,forecast,1.2,0.8,1.6,1.1,1.4,0.14
VERACRUZ,2020-05-30,forecast,1.2,0.8,1.6,1.1,1.4,0.16
VERACRUZ,2020-05-31,forecast,1.2,0.8,1.6,1.1,1.4,0.17
VERACRUZ,2020-06-01,forecast,1.2,0.8,1.7,1,1.4,0.17
YUCATAN,2020-03-29,nowcast,1.9,1.3,2.6,1.6,2.2,0
YUCATAN,2020-03-30,nowcast,1.8,1.3,2.4,1.5,2,0
YUCATAN,2020-03-31,nowcast,1.7,1.2,2.3,1.5,2,0.01
YUCATAN,2020-04-01,nowcast,1.7,1.2,2.2,1.4,1.8,0
YUCATAN,2020-04-02,nowcast,1.6,1.2,2.1,1.4,1.8,0.01
YUCATAN,2020-04-03,nowcast,1.6,1.2,2,1.4,1.7,0.01
YUCATAN,2020-04-04,nowcast,1.6,1.2,2,1.4,1.7,0
YUCATAN,2020-04-05,nowcast,1.5,1.2,1.9,1.4,1.6,0.01
YUCATAN,2020-04-06,nowcast,1.5,1.2,1.9,1.3,1.6,0
YUCATAN,2020-04-07,nowcast,1.5,1.2,1.8,1.3,1.6,0.01
YUCATAN,2020-04-08,nowcast,1.5,1.2,1.8,1.4,1.6,0
YUCATAN,2020-04-09,nowcast,1.5,1.2,1.8,1.3,1.6,0
YUCATAN,2020-04-10,nowcast,1.5,1.2,1.8,1.3,1.6,0
YUCATAN,2020-04-11,nowcast,1.5,1.2,1.8,1.3,1.6,0
YUCATAN,2020-04-12,nowcast,1.5,1.2,1.8,1.3,1.6,0
YUCATAN,2020-04-13,nowcast,1.5,1.2,1.7,1.4,1.6,0
YUCATAN,2020-04-14,nowcast,1.4,1.2,1.7,1.3,1.5,0
YUCATAN,2020-04-15,nowcast,1.4,1.2,1.7,1.3,1.5,0
YUCATAN,2020-04-16,nowcast,1.4,1.2,1.7,1.3,1.5,0
YUCATAN,2020-04-17,nowcast,1.4,1.2,1.6,1.3,1.5,0
YUCATAN,2020-04-18,nowcast,1.4,1.2,1.6,1.3,1.5,0
YUCATAN,2020-04-19,nowcast,1.4,1.2,1.6,1.3,1.5,0
YUCATAN,2020-04-20,nowcast,1.3,1.1,1.5,1.2,1.4,0.01
YUCATAN,2020-04-21,nowcast,1.3,1.1,1.5,1.2,1.3,0.01
YUCATAN,2020-04-22,nowcast,1.2,1.1,1.4,1.2,1.3,0.01
YUCATAN,2020-04-23,nowcast,1.2,1,1.4,1.1,1.3,0.03
YUCATAN,2020-04-24,nowcast,1.2,1,1.3,1.1,1.2,0.03
YUCATAN,2020-04-25,nowcast,1.2,1,1.3,1.1,1.2,0.05
YUCATAN,2020-04-26,nowcast,1.1,1,1.3,1.1,1.2,0.09
YUCATAN,2020-04-27,nowcast,1.1,0.9,1.2,1,1.2,0.16
YUCATAN,2020-04-28,nowcast,1.1,0.9,1.2,1,1.1,0.22
YUCATAN,2020-04-29,nowcast,1,0.9,1.2,1,1.1,0.28
YUCATAN,2020-04-30,nowcast,1,0.9,1.2,1,1.1,0.27
YUCATAN,2020-05-01,nowcast,1,0.9,1.2,1,1.1,0.29
YUCATAN,2020-05-02,nowcast,1,0.9,1.2,1,1.1,0.24
YUCATAN,2020-05-03,nowcast,1.1,0.9,1.2,1,1.1,0.2
YUCATAN,2020-05-04,nowcast,1.1,0.9,1.2,1,1.1,0.15
YUCATAN,2020-05-05,nowcast,1.1,1,1.2,1,1.1,0.11
YUCATAN,2020-05-06,nowcast,1.1,1,1.3,1.1,1.2,0.06
YUCATAN,2020-05-07,nowcast,1.1,1,1.3,1.1,1.2,0.04
YUCATAN,2020-05-08,nowcast,1.1,1,1.3,1.1,1.2,0.04
YUCATAN,2020-05-09,nowcast,1.1,1,1.3,1.1,1.2,0.04
YUCATAN,2020-05-10,nowcast,1.1,1,1.3,1.1,1.2,0.06
YUCATAN,2020-05-11,nowcast,1.1,1,1.2,1.1,1.2,0.1
YUCATAN,2020-05-12,nowcast,1.1,0.9,1.2,1.1,1.2,0.12
YUCATAN,2020-05-13,nowcast,1.1,0.9,1.2,1,1.2,0.14
YUCATAN,2020-05-14,nowcast,1.1,0.9,1.2,1,1.1,0.15
YUCATAN,2020-05-15,nowcast,1.1,0.9,1.3,1,1.1,0.18
YUCATAN,2020-05-16,nowcast,1.1,0.9,1.2,1,1.1,0.21
YUCATAN,2020-05-17,nowcast,1.1,0.8,1.2,1,1.1,0.32
YUCATAN,2020-05-18,nowcast,1,0.8,1.2,1,1.1,0.38
YUCATAN,2020-05-19,forecast,1,0.8,1.3,0.9,1.1,0.42
YUCATAN,2020-05-20,forecast,1,0.7,1.3,0.9,1.1,0.45
YUCATAN,2020-05-21,forecast,1,0.7,1.3,0.9,1.1,0.47
YUCATAN,2020-05-22,forecast,1,0.7,1.3,0.9,1.1,0.49
YUCATAN,2020-05-23,forecast,1,0.6,1.3,0.9,1.2,0.51
YUCATAN,2020-05-24,forecast,1,0.6,1.4,0.9,1.1,0.52
YUCATAN,2020-05-25,forecast,1,0.6,1.4,0.8,1.1,0.55
YUCATAN,2020-05-26,forecast,1,0.6,1.4,0.8,1.1,0.55
YUCATAN,2020-05-27,forecast,1,0.5,1.4,0.8,1.1,0.56
YUCATAN,2020-05-28,forecast,1,0.5,1.4,0.8,1.2,0.56
YUCATAN,2020-05-29,forecast,1,0.5,1.4,0.8,1.1,0.56
YUCATAN,2020-05-30,forecast,0.9,0.5,1.4,0.8,1.2,0.58
YUCATAN,2020-05-31,forecast,0.9,0.4,1.4,0.8,1.1,0.59
YUCATAN,2020-06-01,forecast,0.9,0.5,1.5,0.7,1.1,0.59
ZACATECAS,2020-04-12,nowcast,1.6,1,2.3,1.3,1.8,0.04
ZACATECAS,2020-04-13,nowcast,1.5,0.9,2.1,1.3,1.7,0.06
ZACATECAS,2020-04-14,nowcast,1.5,0.9,2.1,1.3,1.7,0.05
ZACATECAS,2020-04-15,nowcast,1.5,1,2,1.2,1.6,0.05
ZACATECAS,2020-04-16,nowcast,1.4,1,1.9,1.2,1.5,0.06
ZACATECAS,2020-04-17,nowcast,1.3,0.9,1.8,1.1,1.5,0.09
ZACATECAS,2020-04-18,nowcast,1.3,0.9,1.7,1.1,1.4,0.12
ZACATECAS,2020-04-19,nowcast,1.2,0.8,1.6,1,1.4,0.18
ZACATECAS,2020-04-20,nowcast,1.2,0.8,1.6,1,1.3,0.21
ZACATECAS,2020-04-21,nowcast,1.1,0.8,1.5,1,1.3,0.25
ZACATECAS,2020-04-22,nowcast,1.2,0.8,1.6,1,1.3,0.18
ZACATECAS,2020-04-23,nowcast,1.2,0.8,1.6,1,1.3,0.17
ZACATECAS,2020-04-24,nowcast,1.2,0.9,1.6,1,1.3,0.17
ZACATECAS,2020-04-25,nowcast,1.2,0.8,1.6,1,1.3,0.18
ZACATECAS,2020-04-26,nowcast,1.2,0.8,1.5,1,1.3,0.2
ZACATECAS,2020-04-27,nowcast,1.1,0.8,1.5,1,1.3,0.22
ZACATECAS,2020-04-28,nowcast,1.1,0.8,1.5,1,1.2,0.26
ZACATECAS,2020-04-29,nowcast,1.1,0.8,1.4,1,1.2,0.3
ZACATECAS,2020-04-30,nowcast,1.1,0.8,1.4,0.9,1.2,0.34
ZACATECAS,2020-05-01,nowcast,1.1,0.8,1.4,0.9,1.2,0.33
ZACATECAS,2020-05-02,nowcast,1.1,0.8,1.4,0.9,1.2,0.35
ZACATECAS,2020-05-03,nowcast,1.1,0.8,1.4,0.9,1.1,0.36
ZACATECAS,2020-05-04,nowcast,1.1,0.8,1.4,0.9,1.2,0.38
ZACATECAS,2020-05-05,nowcast,1.1,0.8,1.4,0.9,1.2,0.36
ZACATECAS,2020-05-06,nowcast,1,0.7,1.3,0.9,1.1,0.47
ZACATECAS,2020-05-07,nowcast,1,0.7,1.3,0.8,1.1,0.54
ZACATECAS,2020-05-08,nowcast,1,0.7,1.3,0.9,1.1,0.55
ZACATECAS,2020-05-09,nowcast,1,0.7,1.3,0.8,1.1,0.53
ZACATECAS,2020-05-10,nowcast,1,0.7,1.3,0.9,1.1,0.47
ZACATECAS,2020-05-11,nowcast,1,0.7,1.3,0.8,1.1,0.53
ZACATECAS,2020-05-12,nowcast,1,0.7,1.4,0.8,1.1,0.54
ZACATECAS,2020-05-13,nowcast,1,0.6,1.4,0.9,1.1,0.46
ZACATECAS,2020-05-14,nowcast,1.1,0.7,1.6,0.9,1.2,0.36
ZACATECAS,2020-05-15,nowcast,1.2,0.7,1.8,0.9,1.2,0.27
ZACATECAS,2020-05-16,nowcast,1.2,0.7,1.8,0.9,1.3,0.28
ZACATECAS,2020-05-17,nowcast,1.2,0.7,1.9,1,1.4,0.2
ZACATECAS,2020-05-18,nowcast,1.2,0.6,2,0.9,1.4,0.23
